staff_code,staff_userid,staff_name,staff_password,stafftype_code,stafftype_name,country_code,country_name,does_admin_activities,does_registration_activities,does_cattlemgmt_activities,does_farmmonitoring_activities,does_farmextra_activities,does_group_activities
5,Smsofe,Selemani A. Msofe,769370500,3,Enumerator,2,Tanzania,0,1,1,1,1,1
6,Ibachubila,Ibrahim S.Bachubila,655131900,3,Enumerator,2,Tanzania,0,1,1,1,1,1
7,LMbilinyi,Lenson Mbilinyi,656451792,3,Enumerator,2,Tanzania,0,1,1,1,1,1
9,Dkisakeni,Daudi A Kisakeni,713520401,3,Enumerator,2,Tanzania,0,1,1,1,1,1
11,Emoshi,EDWARD ELIRAISON MOSHI,714804347,3,Enumerator,2,Tanzania,0,1,1,1,1,1
12,Hkempanju,Honorat Kempanju,716660987,4,AI Technician,2,Tanzania,0,1,1,1,1,1
13,Pfoy,Prosper Foy,717231661,3,Enumerator,2,Tanzania,0,1,1,1,1,1
14,eoyieng,Edwin,2223,1,Data Manager,3,Kenya,1,1,1,1,1,1
15,Aamandi,Amedeus Amandi,752127242,4,AI Technician,2,Tanzania,0,1,1,1,1,1
16,Jmagayane,JUSTINE MAGAYANE MUSITA,752760010,3,Enumerator,2,Tanzania,0,1,1,1,1,1
17,Ckipanya,Cecilia Alfred Kipanya,753784403,3,Enumerator,2,Tanzania,0,1,1,1,1,1
18,Jshayo,JUDITH D SHAYO,754015751,3,Enumerator,2,Tanzania,0,1,1,1,1,1
19,GMushi,Goodluck Cleophas Mushi,714804347,3,Enumerator,2,Tanzania,0,1,1,1,1,1
20,Flyimo,Frank Kauwed Lyimo,754349534,3,Enumerator,2,Tanzania,0,1,1,1,1,1
21,Rmrema,Regina Steven Mrema,754474999,3,Enumerator,2,Tanzania,0,1,1,1,1,1
22,Aurassa,Asanterabi O Urassa,754685589,3,Enumerator,2,Tanzania,0,1,1,0,1,1
23,Zgongo,Zoster gongo,754970454,3,Enumerator,2,Tanzania,0,1,1,1,1,1
24,Lmwaipopo,Lokoo Mwaipopo,75501932,3,Enumerator,2,Tanzania,0,1,1,1,1,1
27,Mmkakesi,Mary  Immaculate Mkakesi,755955663,3,Enumerator,2,Tanzania,0,1,1,1,1,1
28,Rnkya,Rehema Sudi Nkya,755956410,3,Enumerator,2,Tanzania,0,1,1,1,1,1
31,Lmfikwa,LEAH JONSON MFIKWA,757161852,3,Enumerator,2,Tanzania,0,1,1,1,1,1
32,Enjau,Eugenia mathias njau,757618777,3,Enumerator,2,Tanzania,0,1,1,1,1,1
33,Nchagina,Neema Philipo Chagina,758142526,3,Enumerator,2,Tanzania,0,1,1,1,1,1
34,Smbugangali,Simon madonya mbugangali,758303290,3,Enumerator,2,Tanzania,0,1,1,1,1,1
35,Rperamiho,REGINA RAPHAEL PERAMIHO,758990688,3,Enumerator,2,Tanzania,0,1,1,1,1,1
36,Jmushi,Jovan Richard Mushi,759697549,3,Enumerator,2,Tanzania,0,1,1,1,1,1
38,Cmsigwa,Charles E. Msigwa,766645773,3,Enumerator,2,Tanzania,0,1,1,1,1,1
39,Mkalinga,MARIA BERNARD KALINGA,767552618,3,Enumerator,2,Tanzania,0,1,1,1,1,1
40,Dmfuko,Deogratious James Mfuko,767655784,3,Enumerator,2,Tanzania,0,1,1,1,1,1
41,Adeline,Adeline,767695526,3,Enumerator,2,Tanzania,0,1,1,1,1,1
42,Jnlula,Jackline Elimwaria Nlula,769159290,3,Enumerator,2,Tanzania,0,1,1,1,1,1
43,Ktendee,Koromo Abraham Tendee,754404888,3,Enumerator,2,Tanzania,0,1,1,1,1,1
44,Reuben,Reuben,723555666,4,AI Technician,2,Tanzania,0,1,1,1,1,1
45,Mupatu,MARIDADI ALLY UPATU,762535626,3,Enumerator,2,Tanzania,0,1,1,1,1,1
46,Emshani,Essau mshani,763506251,3,Enumerator,2,Tanzania,0,1,1,1,1,1
47,Rosemarijin,Rosemarijn,613174066,4,AI Technician,2,Tanzania,0,1,1,1,1,1
48,GNGELEJA,GEORGE CHARLES NGELEJA,621650584,4,AI Technician,2,Tanzania,0,1,1,1,1,1
49,RNgowi,Richard Ngowi,621773493,4,AI Technician,2,Tanzania,0,1,1,1,1,1
50,Ejoseph,Emmanuel  Mihayo Joseph,622588652,4,AI Technician,2,Tanzania,0,1,1,1,1,1
51,Fpeter,Florence  peter,622588653,4,AI Technician,2,Tanzania,0,1,1,1,1,1
52,Dkalumanga,Deusdedith Kalumanga,622599311,4,AI Technician,2,Tanzania,0,1,1,1,1,1
53,EMwakalime,Elizabeth Moses Mwakalime,623495101,5,Office Staff,2,Tanzania,0,1,1,1,1,1
54,Gpallangyo,Goodluck pallangyo,624003519,4,AI Technician,2,Tanzania,0,1,1,1,1,1
55,Ykiwone,Yohana Michael Kiwone,625758745,4,AI Technician,2,Tanzania,0,1,1,1,1,1
56,Amdindile,Ayubu mdindile,628166010,4,AI Technician,2,Tanzania,0,1,1,1,1,1
57,Jsolomon,Juma solomon,628595924,4,AI Technician,2,Tanzania,0,1,1,1,1,1
58,Thezron,timotheo hezron,629451252,4,AI Technician,2,Tanzania,0,1,1,1,1,1
59,akandia,aristid kandia,629677693,3,Enumerator,2,Tanzania,0,1,1,1,1,1
60,Gsillo,George R Sillo,652385599,4,AI Technician,2,Tanzania,0,1,1,1,1,1
61,Lshangai,Luizer samuel shangai,652421742,4,AI Technician,2,Tanzania,0,1,1,1,1,1
62,Hmaeda,HENRY AMINI MAEDA,652452167,4,AI Technician,2,Tanzania,0,1,1,1,1,1
63,Bpartik,Beatric partik,652464574,4,AI Technician,2,Tanzania,0,1,1,1,1,1
64,Mjibbo,MERCY JIBBO,652621002,4,AI Technician,2,Tanzania,0,1,1,1,1,1
65,RBaraka,Robert audax baraka,653319636,4,AI Technician,2,Tanzania,0,1,1,1,1,1
66,MMwenguo,Mariaeveta John Mwenguo,653594151,4,AI Technician,2,Tanzania,0,1,1,1,1,1
68,Msues,Mgandi sues,654488591,4,AI Technician,2,Tanzania,0,1,1,1,1,1
69,Dlwamnana,Dedan Biralo Lwamnana,654717803,4,AI Technician,2,Tanzania,0,1,1,1,1,1
70,Ruruno,Richard uronu,655064434,4,AI Technician,2,Tanzania,0,1,1,1,1,1
71,Hurassa,Huzaimata A.Urassa,655162831,4,AI Technician,2,Tanzania,0,1,1,1,1,1
72,HMunisi,Hidaya Ramadhan Munisi,655299677,4,AI Technician,2,Tanzania,0,1,1,1,1,1
73,Hkamote,Happiness kamote,655336180,4,AI Technician,2,Tanzania,0,1,1,1,1,1
75,EMasangya,Emmanuel Jackson Masangya,655624333,4,AI Technician,2,Tanzania,0,1,1,1,1,1
76,ASindano,Anthony Kephasi Sindano,656128815,4,AI Technician,2,Tanzania,0,1,1,1,1,1
77,KBesisila,Kemilembe Simon Besisila,656141826,4,AI Technician,2,Tanzania,0,1,1,1,1,1
78,Bngailo,Brenda Bonas Ngailo,656423377,4,AI Technician,2,Tanzania,0,1,1,1,1,1
79,LMpambai,Leila Nassoro Mpambai,656849976,4,AI Technician,2,Tanzania,0,1,1,1,1,1
80,Abaridi,Alex Emily Baridi,656970740,4,AI Technician,2,Tanzania,0,1,1,1,1,1
81,SKihoko,Stephen Kihoko,657081653,4,AI Technician,2,Tanzania,0,1,1,1,1,1
82,Jsapula,Joshua sapula,658387391,4,AI Technician,2,Tanzania,0,1,1,1,1,1
83,JMsenga,John Martin Msenga,658839625,4,AI Technician,2,Tanzania,0,1,1,1,1,1
84,Wsemkuyu,Winfrida david semkuyu,659157855,4,AI Technician,2,Tanzania,0,1,1,1,1,1
85,Asembiko,Adam sembiko,659379252,4,AI Technician,2,Tanzania,0,1,1,1,1,1
86,smerick,sospeter m.merick,null,4,AI Technician,2,Tanzania,0,1,1,1,1,1
87,Isalimu,Issa Salimu,659774872,4,AI Technician,2,Tanzania,0,1,1,1,1,1
88,Fbeatus,Francis beatus,672619327,4,AI Technician,2,Tanzania,0,1,1,1,1,1
90,Nndondole,NEDA  NDONDOLE,676114803,4,AI Technician,2,Tanzania,0,1,1,1,1,1
91,Luronu,Lutha R Uronu,678078339,4,AI Technician,2,Tanzania,0,1,1,1,1,1
92,Ymwenda,Yusuph mwenda,678353215,4,AI Technician,2,Tanzania,0,1,1,1,1,1
93,JMlaguzi,John Stephen mlaguzi,679033909,4,AI Technician,2,Tanzania,0,1,1,1,1,1
94,Mmbaji,Mohamed Selemani mbaji,682004021,4,AI Technician,2,Tanzania,0,1,1,1,1,1
95,Abeichumila,Anseth rwekaza beichumila,683357600,4,AI Technician,2,Tanzania,0,1,1,1,1,1
96,ANgimbwa,Dr. Ally S.  Ngimbwa,683699284,4,AI Technician,2,Tanzania,0,1,1,1,1,1
97,ATirumanywa,Azory   Tirumanywa,684424444,4,AI Technician,2,Tanzania,0,1,1,1,1,1
98,Amiri,Amiri,689019109,4,AI Technician,2,Tanzania,0,1,1,1,1,1
99,SMnkeni,Sifa Daudi Mnkeni,686177531,4,AI Technician,2,Tanzania,0,1,1,1,1,1
101,ASillau,Agripina Sillau,718650883,4,AI Technician,2,Tanzania,0,1,1,1,1,1
102,jmasigazwa,James regnaldo masigazwa,688250106,4,AI Technician,2,Tanzania,0,1,1,1,1,1
103,Zmaganga,Zuberi sangali maganga,688766193,4,AI Technician,2,Tanzania,0,1,1,1,1,1
104,YRobbene,Yvonne Robben,688897449,4,AI Technician,2,Tanzania,0,1,1,1,1,1
105,Amayanja,Alfred Rwehumbiza Mayanja,692538558,4,AI Technician,2,Tanzania,0,1,1,1,1,1
106,WChahe,Wilson Dickson Chahe,693277509,4,AI Technician,2,Tanzania,0,1,1,1,1,1
108,DFatt,Denzel Chin Fatt,711765890,4,AI Technician,2,Tanzania,0,1,1,1,1,1
109,AShabani,Abdallah a shabani,712019553,4,AI Technician,2,Tanzania,0,1,1,1,1,1
111,MBaltazary,Melchiory Baltazary,712849858,4,AI Technician,2,Tanzania,0,1,1,1,1,1
115,CAbel,Citungo Abel,713237730,4,AI Technician,2,Tanzania,0,1,1,1,1,1
116,ESMwasha,Emmanuel S Mwasha,713303178,4,AI Technician,2,Tanzania,0,1,1,1,1,1
117,SKIMARO,SARAH E KIMARO,713363774,4,AI Technician,2,Tanzania,0,1,1,1,1,1
118,Cshayo,Cafenol shayo,713401244,4,AI Technician,2,Tanzania,0,1,1,1,1,1
119,RSINGANO,RASHID SINGANO,713442283,4,AI Technician,2,Tanzania,0,1,1,1,1,1
121,Gmwakyusa,Grayson Mwakyusa,713605877,4,AI Technician,2,Tanzania,0,1,1,1,1,1
122,Smwedi,Selemani .A mwedi,713918986,4,AI Technician,2,Tanzania,0,1,1,1,1,1
123,VNdondi,Violeth Charles Ndonde,714128776,4,AI Technician,2,Tanzania,0,1,1,1,1,1
124,CNyaki,Colman Edward Nyaki,714164555,4,AI Technician,2,Tanzania,1,1,1,1,1,1
125,AARKADI,ALEX MKENDA ARKADI,714416983,4,AI Technician,2,Tanzania,0,1,1,1,1,1
126,Lshayo,Lekason shayo,714481262,4,AI Technician,2,Tanzania,0,1,1,1,1,1
127,Dshemweta,David Ereniel Shemweta,714976690,4,AI Technician,2,Tanzania,0,1,1,1,1,1
128,Rshekimweri,Ramadhani shekimweri,715385898,4,AI Technician,2,Tanzania,0,1,1,1,1,1
129,Hhiza,Hamad Musa Hiza,715497930,4,AI Technician,2,Tanzania,0,1,1,1,1,1
130,Ssaid,Shamte said,715535143,4,AI Technician,2,Tanzania,0,1,1,1,1,1
131,Dsingoy,David Saimon Singoy,715597780,4,AI Technician,2,Tanzania,0,1,1,1,1,1
132,A.mshana,Alfan mshana,715775133,4,AI Technician,2,Tanzania,0,1,1,1,1,1
133,Simpepo,Simpepo,715801260,4,AI Technician,2,Tanzania,0,1,1,1,1,1
134,Pkisaka,Dr paul kisaka,716001262,4,AI Technician,2,Tanzania,0,1,1,1,1,1
135,Neemajk,Neemajk,716556995,4,AI Technician,2,Tanzania,1,1,1,1,1,1
136,Ymtera,Yohana E. Mtera,716612858,4,AI Technician,2,Tanzania,0,1,1,1,1,1
137,Ekifuko,Ester kifuko,716996555,4,AI Technician,2,Tanzania,0,1,1,1,1,1
138,Atuppa,Abeid Yusuf Tuppa,717191972,4,AI Technician,2,Tanzania,0,1,1,1,1,1
139,Mrajab,Mtindi Rajabu,717578038,4,AI Technician,2,Tanzania,0,1,1,1,1,1
140,Smramba,Samson J Mramba,717947542,4,AI Technician,2,Tanzania,0,1,1,1,1,1
141,Yjuma,Yohana Vincent juma,718152648,4,AI Technician,2,Tanzania,0,1,1,1,1,1
142,Hkombo,Hamisi Idd kombo,718270444,4,AI Technician,2,Tanzania,0,1,1,1,1,1
143,Jmshana,Jamal s mshana,718275457,4,AI Technician,2,Tanzania,0,1,1,1,1,1
144,Bsuleiman,Burhan Suleiman,718578818,4,AI Technician,2,Tanzania,0,1,1,1,1,1
145,Entandu,Emanuel Ntandu,718998877,4,AI Technician,2,Tanzania,0,1,1,1,1,1
146,Rmuhamedi,Rashidi Ramadhani Mohamedi,719109950,3,Enumerator,2,Tanzania,0,1,1,1,1,1
147,Imaganga,Iddi Mussa Maganga,719240711,5,Office Staff,2,Tanzania,0,1,1,1,1,1
148,Embise,Erasto R Mbise,719346571,4,AI Technician,2,Tanzania,0,1,1,1,1,1
149,Smchome,Simon Mchome,719853004,4,AI Technician,2,Tanzania,0,1,1,1,1,1
150,Gbirgen,Gideon Birgen,724961551,4,AI Technician,2,Tanzania,0,1,1,1,1,1
152,Ageofrey,Anold geofrey,742181186,4,AI Technician,2,Tanzania,0,1,1,1,1,1
153,Gkisilaga,Godfrey George Kisilaga,742377853,4,AI Technician,2,Tanzania,0,1,1,1,1,1
154,Rphiniastone,Rabiness Phiniastone,744012299,4,AI Technician,2,Tanzania,0,1,1,1,1,1
155,Nmpyambala,Ntuta tauni mpyambala,744226194,4,AI Technician,2,Tanzania,0,1,1,1,1,1
156,Amwangomile,asia ambilikile mwangomile,745237813,4,AI Technician,2,Tanzania,0,1,1,1,1,1
157,Gkigereke,Gibson S. Kigereke,746390177,4,AI Technician,2,Tanzania,0,1,1,1,1,1
158,Jnyoka,jaqueline  nyoka,752200351,4,AI Technician,2,Tanzania,0,1,1,1,1,1
159,PMbogo,Peter Mbogo,752276491,4,AI Technician,2,Tanzania,0,1,1,1,1,1
160,Nmlinga,Dr Nevil mlinga,752281346,4,AI Technician,2,Tanzania,0,1,1,1,1,1
161,Bmrosso,Baltazar G. Mrosso,752417213,4,AI Technician,2,Tanzania,0,1,1,1,1,1
162,Npallangyo,Naftali   A. Pallangyo,752466105,4,AI Technician,2,Tanzania,0,1,1,1,1,1
163,Echaula,Enock çhaula,752481537,4,AI Technician,2,Tanzania,0,1,1,1,1,1
164,JMosha,Joseph  Laurent Mosha,752512419,4,AI Technician,2,Tanzania,0,1,1,1,1,1
165,Bmhapa,Baltazary mhapa,752643189,4,AI Technician,2,Tanzania,0,1,1,1,1,1
166,Nnicodemus,Nickson nicodemus,754397846,4,AI Technician,2,Tanzania,0,1,1,1,1,1
167,Ckisongela,Chimosa  Patrick   kisongela,752737179,4,AI Technician,2,Tanzania,0,1,1,1,1,1
168,JLugemalila,James f lugemalila,752798978,4,AI Technician,2,Tanzania,0,1,1,1,1,1
169,kimaro,John I Jeffrey Kimaro,752845471,4,AI Technician,2,Tanzania,0,1,1,1,1,1
170,Pkasele,Peter Kasele,752893996,4,AI Technician,2,Tanzania,0,1,1,1,1,1
171,Nswai,NSIA EPHARAHIM SWAI,752920743,4,AI Technician,2,Tanzania,0,1,1,1,1,1
172,Emwakinyari,Elizabeth Easton Mwakinyari,753175796,4,AI Technician,2,Tanzania,0,1,1,1,1,1
173,Dnyenza,Denis Edward Nyenza,753206038,4,AI Technician,2,Tanzania,0,1,1,1,1,1
174,Pmacha,Protus A Macha,753211841,4,AI Technician,2,Tanzania,0,1,1,1,1,1
175,Gkaale,GODFREY AROD KAALE,753233000,4,AI Technician,2,Tanzania,0,1,1,1,1,1
176,Jikimaro,Jackline inocavith kimaro,753356096,4,AI Technician,2,Tanzania,0,1,1,1,1,1
177,Gzkileo,Goodluck z kileo,753649180,4,AI Technician,2,Tanzania,0,1,1,1,1,1
178,Ekonga,Elamiti konga,753692234,4,AI Technician,2,Tanzania,0,1,1,1,1,1
179,Hmunuo,Hery F Munuo,753776605,4,AI Technician,2,Tanzania,0,1,1,1,1,1
180,Aminja,Alpha Leonard Minja,753832201,4,AI Technician,2,Tanzania,0,1,1,1,1,1
181,Hmkindi,Hemedi Khalifa Mkindi,753883556,4,AI Technician,2,Tanzania,0,1,1,1,1,1
182,Shamisi,Sahra Hamisi,754217022,4,AI Technician,2,Tanzania,0,1,1,1,1,1
183,Emunisi,Emanueli fuataeli munisi,754286470,4,AI Technician,2,Tanzania,0,1,1,1,1,1
184,Mmarandu,Mathias A.Marandu,754336391,4,AI Technician,2,Tanzania,0,1,1,1,1,1
186,Ibessa,Issa Abdulrahman Bessa,754397846,4,AI Technician,2,Tanzania,0,1,1,1,1,1
187,Akitutu,Aminiel S Kitutu,754467642,4,AI Technician,2,Tanzania,0,1,1,1,1,1
189,Ffelix,Felician Felix,754515442,4,AI Technician,2,Tanzania,0,1,1,1,1,1
190,Pkimaro,Philips kimaro,754575738,4,AI Technician,2,Tanzania,0,1,1,1,1,1
191,Mlaizer,Marunda Ismael Laizer,754607662,4,AI Technician,2,Tanzania,0,1,1,1,1,1
192,G.mgata,Grace Yonathan Mgata,754620169,4,AI Technician,2,Tanzania,0,1,1,1,1,1
193,Cdulle,Charles Dulle,754632648,4,AI Technician,2,Tanzania,0,1,1,1,1,1
194,JSamwel,Jackson M Samwel,754741507,4,AI Technician,2,Tanzania,0,1,1,1,1,1
195,A.balaka,Anzigary K Balaka,754742142,4,AI Technician,2,Tanzania,0,1,1,1,1,1
196,Plussa,Pius  Tibemanya  Lussa,754750176,4,AI Technician,2,Tanzania,0,1,1,1,1,1
197,Mladislaus,Martin Ladislaus,754750382,4,AI Technician,2,Tanzania,0,1,1,1,1,1
198,Eanatory,Edwin Anatory,754754228,4,AI Technician,2,Tanzania,0,1,1,1,1,1
199,Alaizer,Alex William Laizer,754767871,4,AI Technician,2,Tanzania,0,1,1,1,1,1
200,Cmsoka,Constantina S. Msoka,754836796,4,AI Technician,2,Tanzania,0,1,1,1,1,1
201,Imoshi,IVAN J MOSHI,754892167,4,AI Technician,2,Tanzania,0,1,1,1,1,1
202,Dhayman,David Hayman,754894716,4,AI Technician,2,Tanzania,0,1,1,1,1,1
203,Eurassa,Sabas Urassa,754945620,4,AI Technician,2,Tanzania,0,1,1,1,1,1
204,Mndanshau,Mbotela Ambinga Ndanshau,754969582,4,AI Technician,2,Tanzania,0,1,1,1,1,1
205,Emwasubila,Emily mwasubila,754987809,4,AI Technician,2,Tanzania,0,1,1,1,1,1
206,Lloleku,Lukasi Loleku,755017431,4,AI Technician,2,Tanzania,0,1,1,1,1,1
207,Omwaluwemba,Osia mwaluwemba,755154152,4,AI Technician,2,Tanzania,0,1,1,1,1,1
208,Adavid,Amos Muttahakana David,755208132,4,AI Technician,2,Tanzania,0,1,1,1,1,1
209,Emrosso,Elizabeth Materne Mrosso,755228782,4,AI Technician,2,Tanzania,0,1,1,1,1,1
210,Akisanga,Abduel A Kisanga,755271422,4,AI Technician,2,Tanzania,0,1,1,1,1,1
211,Pbahemu,Paschal Godwin Bahemu,755322331,4,AI Technician,2,Tanzania,0,1,1,1,1,1
212,Iurio,Isaya Urio,755356930,4,AI Technician,2,Tanzania,0,1,1,1,1,1
213,DMangesho,Dan mangesho,755387313,4,AI Technician,2,Tanzania,0,1,1,1,1,1
214,RMushi,Richard Naike,755443968,4,AI Technician,2,Tanzania,0,1,1,1,1,1
215,Ikombe,IVAN KAUWERD KOMBE,755474079,4,AI Technician,2,Tanzania,0,1,1,1,1,1
216,vshuma,Victoria Shuma,755512034,4,AI Technician,2,Tanzania,0,1,1,1,1,1
217,Rmakallah,Rehema Simon Makallah,755542825,4,AI Technician,2,Tanzania,0,1,1,1,1,1
219,Jmakuliga,Justine Simon makuliga,755640567,4,AI Technician,2,Tanzania,0,1,1,1,1,1
220,V.issangya,Vumilia S.Issangya,755696413,4,AI Technician,2,Tanzania,0,1,1,1,1,1
222,Hmakyao,HAMFREY ARNOLD MAKYAO,755757299,4,AI Technician,2,Tanzania,0,1,1,1,1,1
223,Vmillinga,Viola Millinga,755835902,4,AI Technician,2,Tanzania,0,1,1,1,1,1
224,Omwamboma,Obote .s.mwamboma,755858512,4,AI Technician,2,Tanzania,0,1,1,1,1,1
225,Lmalaoe,Laurencia Malale,755921047,4,AI Technician,2,Tanzania,0,1,1,1,1,1
226,Mkaihula,Modester christian kaihula,755935149,4,AI Technician,2,Tanzania,0,1,1,1,1,1
228,Lpiniel,Liffa piniel,756252252,4,AI Technician,2,Tanzania,0,1,1,1,1,1
229,Fmbeyale,Farida Mao mbeyale,756272194,4,AI Technician,2,Tanzania,0,1,1,1,1,1
231,Snassoro,Suleiman Mgeni Nassoro,756421616,4,AI Technician,2,Tanzania,0,1,1,1,1,1
233,Imgunya,Ibahati paulo mgunya,756645488,4,AI Technician,2,Tanzania,0,1,1,1,1,1
234,Ssangoda,Seif O sangoda,756729670,4,AI Technician,2,Tanzania,0,1,1,1,1,1
235,Gsway,Godsave O.Sway,756749876,4,AI Technician,2,Tanzania,0,1,1,1,1,1
236,Smasawe,Stephano E Masawe_1,756751444,4,AI Technician,2,Tanzania,0,1,1,1,1,1
237,Cchesko,Chavala  chesko,756766097,4,AI Technician,2,Tanzania,0,1,1,1,1,1
238,Gkileo,GRACE D KILEO,756770303,5,Office Staff,2,Tanzania,0,1,1,1,1,1
239,Egasana,Emmanuel Gasana,756822367,4,AI Technician,2,Tanzania,0,1,1,1,1,1
240,Mngarashi,Mesheti ngarashi,756859450,4,AI Technician,2,Tanzania,0,1,1,1,1,1
241,Fslakatay,Felisiani  francis slakatay,757116931,4,AI Technician,2,Tanzania,0,1,1,1,1,1
242,Jnyagawa,John andrea nyagawa,757287791,4,AI Technician,2,Tanzania,0,1,1,1,1,1
243,Mmwinama,Michael Mwinama,757397752,4,AI Technician,2,Tanzania,0,1,1,1,1,1
244,HLYIMO,Hildegalda J.LYIMO.,757527278,4,AI Technician,2,Tanzania,0,1,1,1,1,1
245,Jmassawe,Joshua S Massawe,757568856,4,AI Technician,2,Tanzania,0,1,1,1,1,1
247,Nmungure,Ndekirwa m.mungure,789116365,4,AI Technician,2,Tanzania,0,1,1,1,1,1
248,Mmboyi,Masanja Decgratias Mboyi,757724391,4,AI Technician,2,Tanzania,0,1,1,1,1,1
249,EMUSHI,ELSON SHIKUSHYA MUSHI,757799428,4,AI Technician,2,Tanzania,0,1,1,1,1,1
250,BMallya,Baltazary C Mallya,757981801,4,AI Technician,2,Tanzania,0,1,1,1,1,1
251,Mmhagama,Monica mhagama,758016128,4,AI Technician,2,Tanzania,0,1,1,1,1,1
253,GMuhamba,Gratian H Muhamba,758293929,4,AI Technician,2,Tanzania,0,1,1,1,1,1
254,W.Mushi,Waryadingu A Mushi,758708842,4,AI Technician,2,Tanzania,0,1,1,1,1,1
255,brutenge,baraka rwechungura rutenge,758897214,4,AI Technician,2,Tanzania,0,1,1,1,1,1
256,Jmatutu,James Matutu,759034405,4,AI Technician,2,Tanzania,0,1,1,1,1,1
257,Fmhechela,Felix mhechela,759229228,4,AI Technician,2,Tanzania,0,1,1,1,1,1
258,Embega,Elius mbega,759366470,4,AI Technician,2,Tanzania,0,1,1,1,1,1
259,Amunuo,Aneth dickson munuo,654304226,4,AI Technician,2,Tanzania,0,1,1,1,1,1
260,E.Ayo,Emily Afitwa Ayo.,759423748,4,AI Technician,2,Tanzania,0,1,1,1,1,1
261,EBMrosso,Emeransiana B Mrosso,759624257,4,AI Technician,2,Tanzania,0,1,1,1,1,1
262,Jkimaro,JOHN MICHAEL KIMARO,759662122,4,AI Technician,2,Tanzania,0,1,1,1,1,1
263,MMaberekera,Melchior H. Maberekera,759771115,4,AI Technician,2,Tanzania,0,1,1,1,1,1
264,Pshirima,Pascal M. Shirima,759773344,4,AI Technician,2,Tanzania,0,1,1,1,1,1
265,Hmalembeka,Haruna Ramadhani Malembeka,759937366,4,AI Technician,2,Tanzania,0,1,1,1,1,1
266,SMwasubila,Salome Mwasubila,762066034,4,AI Technician,2,Tanzania,0,1,1,1,1,1
267,Sassenga,Stephen P Assenga,762219123,4,AI Technician,2,Tanzania,0,1,1,1,1,1
268,Consolata,Consolata,762239929,4,AI Technician,2,Tanzania,0,1,1,1,1,1
272,Njaphet,Neeme paul japhet,762616754,4,AI Technician,2,Tanzania,0,1,1,1,1,1
273,Pmzengo,Paul mzengo,762778631,4,AI Technician,2,Tanzania,0,1,1,1,1,1
275,Gkikungwe,Gift kikungwe,762884593,4,AI Technician,2,Tanzania,0,1,1,1,1,1
276,Pmsafiri,Paulin Msafiri,762892829,4,AI Technician,2,Tanzania,0,1,1,1,1,1
277,Jumapili,Jumapili,762957970,4,AI Technician,2,Tanzania,0,1,1,1,1,1
278,AAndrew,Alice Andrew,763089622,4,AI Technician,2,Tanzania,0,1,1,1,1,1
279,Akanashe,Akanashe Masawe,763528136,4,AI Technician,2,Tanzania,0,1,1,1,1,1
280,Sma,Shangwe M ma,763623753,4,AI Technician,2,Tanzania,0,1,1,1,1,1
281,N.mwambalaswa,Noah Mwambalaswa,763716371,4,AI Technician,2,Tanzania,0,1,1,1,1,1
282,SMollen,Simon Mboyoni Mollel,7633731942,4,AI Technician,2,Tanzania,0,1,1,1,1,1
283,Bkidehele,Brown edwin kidehele,763759484,4,AI Technician,2,Tanzania,0,1,1,1,1,1
284,Rnassor,Rashid Chonga Nassor,763760005,4,AI Technician,2,Tanzania,0,1,1,1,1,1
285,YLusamila,Yacob M. Lusamila,764004862,4,AI Technician,2,Tanzania,0,1,1,1,1,1
286,Amunisy,Anande Justin Munishi,764114076,4,AI Technician,2,Tanzania,0,1,1,1,1,1
287,B.tibangayuka,Bainaomugisha Tibangayuka,764215535,4,AI Technician,2,Tanzania,0,1,1,1,1,1
288,Pnyakunga,Peter M.Nyakunga.,764233428,4,AI Technician,2,Tanzania,0,1,1,1,1,1
289,Rjohn,Raymond prosper john,764245512,4,AI Technician,2,Tanzania,0,1,1,1,1,1
290,ELKihunrwa,Enezael Lazaro Kihunrwa,764256943,4,AI Technician,2,Tanzania,0,1,1,1,1,1
291,Loisso,Leoni France Woiso,764369602,4,AI Technician,2,Tanzania,0,1,1,1,1,1
292,Julie,Julie,764435664,4,AI Technician,2,Tanzania,0,1,1,1,1,1
293,Smmango,Salim A. Mmango,764503550,4,AI Technician,2,Tanzania,0,1,1,1,1,1
294,ELUGINA,EDVETHA.E.LUGINA,764514073,4,AI Technician,2,Tanzania,0,1,1,1,1,1
295,Rndanshau,Rickson judika ndanshau,764595322,4,AI Technician,2,Tanzania,0,1,1,1,1,1
296,DMwakisole,David Mwakisole,764717755,4,AI Technician,2,Tanzania,0,1,1,1,1,1
297,AAUGUST,AVELINA  MWAIYO  AUGUST,764727279,4,AI Technician,2,Tanzania,0,1,1,1,1,1
298,Jmbise,Johnson mbise,764808818,4,AI Technician,2,Tanzania,0,1,1,1,1,1
299,Hkitaly,Holding Robson kitaly,764831019,4,AI Technician,2,Tanzania,0,1,1,1,1,1
301,ARlelya,Athumani. Rajabu lelya,764953828,4,AI Technician,2,Tanzania,0,1,1,1,1,1
302,EHshirima,Evarista Henry Shirima,0765062936,4,AI Technician,2,Tanzania,0,1,1,1,1,1
303,Mmandia,MAURICE ALOYCE  MANDIA,765066290,4,AI Technician,2,Tanzania,0,1,1,1,1,1
304,Simassawe,Steven ieremia massawe,765112643,4,AI Technician,2,Tanzania,0,1,1,1,1,1
305,Mmushi,Amana mushi,765164167,4,AI Technician,2,Tanzania,0,1,1,1,1,1
306,rmusyimi,Rhoda Musyimi,0715391756,4,AI Technician,3,Kenya,0,1,1,1,1,1
307,Tmartin,Tunsume martin,765372255,4,AI Technician,2,Tanzania,0,1,1,1,1,1
308,Mkakwenda,Musa athanase kakwenda,765424344,4,AI Technician,2,Tanzania,0,1,1,1,1,1
309,Amush,Anitha Mush,765544130,4,AI Technician,2,Tanzania,0,1,1,1,1,1
310,Bmwasakanile,Bupe mwasakanile,765749706,4,AI Technician,2,Tanzania,0,1,1,1,1,1
311,Lightness,Lightness,765828888,4,AI Technician,2,Tanzania,0,1,1,1,1,1
312,Rteemba,ROWLAND U TEEMBA,765939363,4,AI Technician,2,Tanzania,0,1,1,1,1,1
313,HNKYA,HENRY NKYA,766008180,4,AI Technician,2,Tanzania,0,1,1,1,1,1
315,Rbubinza,RICHARD E BUBINZA,766583247,4,AI Technician,2,Tanzania,0,1,1,1,1,1
316,Sbitumbiko,Stanslaus Bitumbiko,766610805,4,AI Technician,2,Tanzania,0,1,1,1,1,1
317,Psawe,Praygod Emanuel Sawe,766828678,4,AI Technician,2,Tanzania,0,1,1,1,1,1
318,Angassa,Alexander Ngassa,766917761,4,AI Technician,2,Tanzania,0,1,1,1,1,1
319,Jmlwafu,Josephat Friday mlwafu,766954931,4,AI Technician,2,Tanzania,0,1,1,1,1,1
320,Wmaganga,William Ng`Wandu Maganga,767004721,4,AI Technician,2,Tanzania,0,1,1,1,1,1
321,Mkanyambo,Method Kanyambo,767061625,4,AI Technician,2,Tanzania,0,1,1,1,1,1
322,SNdossi,SIMBO S NDOSSI,767148393,4,AI Technician,2,Tanzania,0,1,1,1,1,1
323,YMrosso,Yustina Balthazar Mrosso,767153098,4,AI Technician,2,Tanzania,0,1,1,1,1,1
324,Lbalilemwa,Lucia balilemwa,767161881,4,AI Technician,2,Tanzania,0,1,1,1,1,1
325,Gkatambi,Godfrey N. Katambi,767322896,4,AI Technician,2,Tanzania,0,1,1,1,1,1
326,Pshayo,Philip G Shao,767326760,4,AI Technician,2,Tanzania,0,1,1,1,1,1
327,Wmrema,Willie J. O. E Mrema,767327217,4,AI Technician,2,Tanzania,0,1,1,1,1,1
328,D.mtui,Daniel Naaman Mtui,767514383,4,AI Technician,2,Tanzania,0,1,1,1,1,1
329,Pkaaya,Patrick Samwrl Kaaya,767721245,4,AI Technician,2,Tanzania,0,1,1,1,1,1
330,Amassawe,Albin Massawe,767857517,4,AI Technician,2,Tanzania,0,1,1,1,1,1
331,Iwerema,Immoto M. Werema,767859501,4,AI Technician,2,Tanzania,0,1,1,1,1,1
332,Ekamugisha,Evaline Denis Kamugisha,768395904,4,AI Technician,2,Tanzania,0,1,1,1,1,1
333,M.isuja,Marko isuja,768516450,4,AI Technician,2,Tanzania,0,1,1,1,1,1
334,Hmvungi,Halima  mvungi,768602921,4,AI Technician,2,Tanzania,0,1,1,1,1,1
335,Amzee,Ally Ramadhani Mzee,768603070,4,AI Technician,2,Tanzania,0,1,1,1,1,1
336,Eswai,Emmanuel Moses Swai,768719897,4,AI Technician,2,Tanzania,0,1,1,1,1,1
337,Lgwau,Lucy John Gwau,768796558,4,AI Technician,2,Tanzania,0,1,1,1,1,1
338,Elisanteswai,Elisante swai,768960012,3,Enumerator,2,Tanzania,0,1,1,1,1,1
339,Eksenyela,Eliah  K  Senyela,769051193,4,AI Technician,2,Tanzania,0,1,1,1,1,1
341,Slema,Sarah Paradiso Lema,769225133,4,AI Technician,2,Tanzania,0,1,1,1,1,1
342,RMwevirah,Ramadhan Juma Mwevirah,769308721,4,AI Technician,2,Tanzania,0,1,1,1,1,1
343,Amvile,Amandus n mvile),752643189,4,AI Technician,2,Tanzania,0,1,1,1,1,1
344,Hjasson,happy jasson,769532225,4,AI Technician,2,Tanzania,0,1,1,1,1,1
345,LSweetbert,Lucia Z. Sweetbert,769624400,4,AI Technician,2,Tanzania,0,1,1,1,1,1
346,Mmkenda,Mariaroza Augustini Mkenda,769786436,4,AI Technician,2,Tanzania,0,1,1,1,1,1
347,Lgmahena,Lusajo  Gerald  Mahena,782122100,4,AI Technician,2,Tanzania,0,1,1,1,1,1
348,CLashayo,Constantine S.Lashayo,782127365,4,AI Technician,2,Tanzania,0,1,1,1,1,1
349,Jassenga,Gemma Sekundi Assenga,782667127,4,AI Technician,2,Tanzania,0,1,1,1,1,1
350,Fmtenga,Fidelis Mtenga,784311344,4,AI Technician,2,Tanzania,0,1,1,1,1,1
351,E.massawe,Edward Frumence Massawe,784371692,4,AI Technician,2,Tanzania,0,1,1,1,1,1
352,Lmbise,Lameck,784372734,4,AI Technician,2,Tanzania,0,1,1,1,1,1
353,Jmichaeli,Josephat michaeli,784373184,4,AI Technician,2,Tanzania,0,1,1,1,1,1
354,Bkahehe,Bajiji Antony Kahehe,784386163,4,AI Technician,2,Tanzania,0,1,1,1,1,1
355,Akinda,Abdala s kinda,784489004,4,AI Technician,2,Tanzania,0,1,1,1,1,1
356,Irashid,IDDIY SAIDI RASHIDI,784605501,4,AI Technician,2,Tanzania,0,1,1,1,1,1
357,JKyagari,Jonathan Kambarage Kyagari,784758416,4,AI Technician,2,Tanzania,0,1,1,1,1,1
358,Rmghase,Ruwaichi mghase,784769415,4,AI Technician,2,Tanzania,0,1,1,1,1,1
359,Z.mollel,Zacharia M.Mollel,754855406,4,AI Technician,2,Tanzania,0,1,1,1,1,1
360,MWangwe,Muhoya Mama Wangwe,784856011,4,AI Technician,2,Tanzania,0,1,1,1,1,1
361,784860558,Harun Kamote,784860558,4,AI Technician,2,Tanzania,0,1,1,1,1,1
362,Blyimo,Beatus F.  Lyimo,784862364,4,AI Technician,2,Tanzania,0,1,1,1,1,1
363,Pjames,Paul James,784864030,2,Field Co-Ordinator,2,Tanzania,0,1,1,1,1,1
364,SKabunda,Sara Aliko Kabunda,784928816,4,AI Technician,2,Tanzania,0,1,1,1,1,1
365,Skahesha,Simon selestine kahesha,785181911,4,AI Technician,2,Tanzania,0,1,1,1,1,1
366,PMichael,Petronila M.Michael,786079996,4,AI Technician,2,Tanzania,0,1,1,1,1,1
367,RMbuji,Robert Ramadhani Mbuji,786231080,4,AI Technician,2,Tanzania,0,1,1,1,1,1
368,AGoroto,Arevo Paul Goroto,787019192,4,AI Technician,2,Tanzania,0,1,1,1,1,1
369,EQwadwe,Elisante Saktay Qadwe,787302606,4,AI Technician,2,Tanzania,0,1,1,1,1,1
370,SMasaga,Sosthenes Masaga,787812666,4,AI Technician,2,Tanzania,0,1,1,1,1,1
371,Agabriel,Agrey gabriel,788242839,4,AI Technician,2,Tanzania,0,1,1,1,1,1
372,JMMosha,Judidh Maximilian  Mosha,788398319,4,AI Technician,2,Tanzania,0,1,1,1,1,1
373,Jyustinian,Jovitha   kaijage  yustinian,788567988,4,AI Technician,2,Tanzania,0,1,1,1,1,1
374,JMwasha,Jacob E. Mwasha,788657138,4,AI Technician,2,Tanzania,0,1,1,1,1,1
375,EMassawe,Evarist Massawe,789165462,4,AI Technician,2,Tanzania,0,1,1,1,1,1
376,Tkimolo,Tambo gutta kimolo,625087855,4,AI Technician,2,Tanzania,0,1,1,1,1,1
378,Rhassan,Rahman N Hassan,658080168,4,AI Technician,2,Tanzania,0,1,1,1,1,1
379,Emarimbo,Eliamini marimbo,688084706,4,AI Technician,2,Tanzania,0,1,1,1,1,1
380,Dchimuli,Demetria Agnelli chimuli,710904683,4,AI Technician,2,Tanzania,0,1,1,1,1,1
381,Jmgomba,Jane Rodgers Mgomba,712302389,4,AI Technician,2,Tanzania,0,1,1,1,1,1
382,Nmahiza,Nadhifa Abdallah Mahiza,714626562,4,AI Technician,2,Tanzania,0,1,1,1,1,1
383,JMwombela,Janeth Mwombela,718042468,4,AI Technician,2,Tanzania,0,1,1,1,1,1
384,Hhamisi,Semen Hamisi,719669337,4,AI Technician,2,Tanzania,0,1,1,1,1,1
385,Slyimo,Samwel Leonard Lyimo,754313067,4,AI Technician,2,Tanzania,0,1,1,1,1,1
386,Sauiso,Selfa Abraham Uiso,753981537,3,Enumerator,2,Tanzania,0,1,1,1,1,1
387,Ntemba,Nelson Temba,763665199,3,Enumerator,2,Tanzania,0,1,1,1,1,1
388,Nmoshi,Ndelisho Moshi,754431343,4,AI Technician,2,Tanzania,0,1,1,1,1,1
397,Rhatibu,Rajabu Majengo Hatibu,789400939,4,AI Technician,2,Tanzania,0,1,1,1,1,1
403,Jkulwa,Joseoh Emmanuel Kulwa,762931960,5,Office Staff,2,Tanzania,0,1,1,1,1,1
404,FSunday,Ford Sunday,717515888,4,AI Technician,2,Tanzania,0,1,1,1,1,1
405,Jngomuo,Juma B Ngomuo,756035305,4,AI Technician,2,Tanzania,0,1,1,1,1,1
407,Djosephat,Dotto Deus Josephat,757647377,4,AI Technician,2,Tanzania,0,1,1,1,1,1
408,VKIONDO,VICENT ERNEST KIONDO,764571643,3,Enumerator,2,Tanzania,0,1,1,1,1,1
409,Mibrahim,Mseba Hangae Ibrahim,718332212,4,AI Technician,2,Tanzania,0,1,1,1,1,1
410,Gmoring,Gwaatema Damiano moring,653658954,4,AI Technician,2,Tanzania,0,1,1,1,1,1
411,Ashija,Abdi Petter Shija,716819392,4,AI Technician,2,Tanzania,0,1,1,1,1,1
413,GSommy,Godbless  Sommy,688550961,4,AI Technician,2,Tanzania,0,1,1,1,1,1
417,Rjeronimo,Ringson B Jeronimo,756758505,4,AI Technician,2,Tanzania,0,1,1,1,1,1
418,DMisonge,Dr.David Misonge,759473114,4,AI Technician,2,Tanzania,0,1,1,1,1,1
420,Kamugisha,Edward C Kamugisha,787873441,4,AI Technician,2,Tanzania,0,1,1,1,1,1
423,Fmwalukasa,Fidelis .L. Mwalukasa,652766213,4,AI Technician,2,Tanzania,0,1,1,1,1,1
424,LMhenga,Lucas Pascal Mhenga,657654007,5,Office Staff,2,Tanzania,0,1,1,1,1,1
425,SPunduka,Sr.Eusebia Daniel Punduka,627970876,4,AI Technician,2,Tanzania,0,1,1,1,1,1
426,NNzenga,Nicodemus Nzenga,756252175,4,AI Technician,2,Tanzania,0,1,1,1,1,1
428,Rkuzikanika,Richard eliah kuziganika,717355869,4,AI Technician,2,Tanzania,0,1,1,1,1,1
429,DMafwere,Dr Mafwere,754275307,4,AI Technician,2,Tanzania,0,1,1,1,1,1
431,Wkishai,William calist kishai,754314836,4,AI Technician,2,Tanzania,0,1,1,1,1,1
432,Hkambi,Hassan Rashid Kambi,627964060,4,AI Technician,2,Tanzania,0,1,1,1,1,1
433,RNjia,Rajabu Juma Njia,718275701,4,AI Technician,2,Tanzania,0,1,1,1,1,1
434,Bkiweru,Bartazar Samweli Kiweru,715484991,4,AI Technician,2,Tanzania,0,1,1,1,1,1
569,jgitau,Jeniffer Gitau,456,5,Office Staff,3,Kenya,1,1,1,1,1,1
571,Mojwang,Millicent Ojwang,0714247324,4,AI Technician,3,Kenya,0,1,1,1,1,1
572,Nkizito,Nicholas Kizito,0715277886,4,AI Technician,3,Kenya,0,1,1,1,0,0
574,fadoyo,Florence Adoyo,0725684874,2,Field Co-Ordinator,3,Kenya,1,1,1,1,1,1
576,Emwiruki,Evangeline Mwiruki,720800997,4,AI Technician,3,Kenya,0,1,1,1,0,0
580,Bogonya,Bonfas ogonya,0716210499,6,Dairy Farm Assistant (DFA),3,Kenya,0,1,1,1,1,1
581,julie_za,Julie Ojango,2223,1,Data Manager,5,Zambia,1,1,1,1,1,1
583,Pochieng,Philip ochieng,0726490355,4,AI Technician,3,Kenya,0,1,1,1,1,0
584,Columotia,Carlson olumotia,726853784,4,AI Technician,3,Kenya,0,1,1,1,0,0
588,Cotiego,Collins otiego,722261538,4,AI Technician,3,Kenya,0,1,1,1,0,0
592,Hamiyanda,Harrison amiyanda,729252313,4,AI Technician,3,Kenya,0,1,1,1,0,0
595,gaduwa,Gracius Aduwa,0712663228,4,AI Technician,3,Kenya,0,1,1,1,1,1
596,Nobuon,Noah obuon,724669267,4,AI Technician,3,Kenya,0,1,1,1,0,0
597,smaobe,Sylvia maobe,0720777251,4,AI Technician,2,Tanzania,0,1,1,1,1,1
600,Eokuche,Edwin okuche,726509847,4,AI Technician,3,Kenya,0,1,1,1,0,0
604,Hokoth,Humphrey Okoth,721825038,4,AI Technician,3,Kenya,0,1,1,1,0,0
605,wauma,William Omollo Auma,0721931963,2,Field Co-Ordinator,3,Kenya,0,1,1,1,1,1
607,tgidey,Gidey T/Micael,tgidey,3,Enumerator,1,Ethiopia,0,1,1,1,1,1
608,Jomundhe,Jacob Omundhe,700644759,4,AI Technician,3,Kenya,0,1,1,1,0,0
611,thiwot,Hiwot Tesfaye,thiwot,3,Enumerator,1,Ethiopia,0,1,1,1,1,1
612,Aotieno,Asher Otieno,729895995,4,AI Technician,3,Kenya,0,1,1,1,0,0
615,ebirhanu,Birhanu Eyasu,ebirhanu,3,Enumerator,1,Ethiopia,0,1,1,1,1,1
616,Jokumu,John okumi,722247803,4,AI Technician,3,Kenya,0,1,1,1,0,0
618,Mabiero,Mackrine Awino Abiero,0708131813,6,Dairy Farm Assistant (DFA),3,Kenya,0,1,1,1,1,1
619,ayemane,Yemane Abadi,ayemane,3,Enumerator,1,Ethiopia,0,1,1,1,1,1
620,Angeso,Alfred ngeso,716341514,4,AI Technician,3,Kenya,0,1,1,1,0,0
623,gngsti,Ngsti Gebrecherkos,gngsti,3,Enumerator,1,Ethiopia,0,1,1,1,1,1
624,Koranga,Kennedy oranga,728293011,4,AI Technician,3,Kenya,0,1,1,1,0,0
627,glegesse,Legesse G/Gewergis,glegesse,3,Enumerator,1,Ethiopia,0,1,1,1,1,1
628,Podero,Peter odero,728045963,4,AI Technician,3,Kenya,0,1,1,1,0,0
631,kalsa,Alsa Kiros,kalsa,3,Enumerator,1,Ethiopia,0,1,1,1,1,1
632,Dochieng,David ochieng,721299702,4,AI Technician,3,Kenya,0,1,1,1,0,0
635,haregawi,Aregawi Hailu,haregawi,3,Enumerator,1,Ethiopia,0,1,1,1,1,1
636,Poluoch,Peter oluoch,728811211,4,AI Technician,3,Kenya,0,1,1,1,0,0
637,dksee,Daniel M. Ksee,0722840456,2,Field Co-Ordinator,3,Kenya,0,1,1,1,1,1
639,famare,Amare Fenta,famare,3,Enumerator,1,Ethiopia,0,1,1,1,1,1
640,Gotieno,Gordon otieno,0726219237,4,AI Technician,3,Kenya,0,1,1,1,0,0
643,basnake,Asnake Baye,basnake,3,Enumerator,1,Ethiopia,0,1,1,1,1,1
644,Eogweno,Erick ogweno,718538962,4,AI Technician,3,Kenya,0,1,1,1,0,0
647,easnake,Asnake Ewounetu,easnake,3,Enumerator,1,Ethiopia,0,1,1,1,1,1
648,Gokombo,George okombo,0720055821,4,AI Technician,3,Kenya,0,1,1,1,0,0
651,bdestaw,Destaw Berihun,bdestaw,3,Enumerator,1,Ethiopia,0,1,1,1,1,1
652,Womolo,William omolo,720549612,4,AI Technician,3,Kenya,0,1,1,1,0,0
655,yesubalew,Esubalew Yirdaw,yesubalew,3,Enumerator,1,Ethiopia,0,1,1,1,1,1
656,Kodero,Kennedy odero,706222692,4,AI Technician,3,Kenya,0,1,1,1,0,0
659,agirmachew,GIRMACHEW ASEFA,agirmachew,3,Enumerator,1,Ethiopia,0,1,1,1,1,1
660,Aopwora,Anthony opwora,722609653,4,AI Technician,3,Kenya,0,1,1,1,0,0
661,Motieno,Dr mark otieno,713704965,4,AI Technician,3,Kenya,0,1,1,1,0,0
663,yhafiz,Hafiz Yimam,yhafiz,3,Enumerator,1,Ethiopia,0,1,1,1,1,1
664,Awanyonyi,Anthony Wanyonyi,727686529,4,AI Technician,3,Kenya,0,1,1,1,0,0
665,manyango,Molline Anyango,0725981927,6,Dairy Farm Assistant (DFA),3,Kenya,0,1,1,1,1,1
666,ymeles,Meles Yenealem,ymeles,3,Enumerator,1,Ethiopia,0,1,1,1,1,1
668,Tkuloba,Tito Kuloba,710888910,4,AI Technician,3,Kenya,0,1,1,1,0,0
669,Dabuto,Dominic O. Abuto,0717098342,6,Dairy Farm Assistant (DFA),3,Kenya,0,1,1,1,1,1
670,btadesse,Tadesse Belew,btadesse,3,Enumerator,1,Ethiopia,0,1,1,1,1,1
671,Amgoba,Amani A.Mgoba,755622985,3,Enumerator,2,Tanzania,0,1,1,1,1,1
672,Dwanja,Damaris Wanja,719423527,4,AI Technician,3,Kenya,0,1,1,1,0,0
674,czewdu,Zewdu Chanie,czewdu,3,Enumerator,1,Ethiopia,0,1,1,1,1,1
676,Sodhiambo,Steve Odhiambo,0712521580,4,AI Technician,3,Kenya,0,1,1,1,1,1
678,ktadele,Tadele Kebede,ktadele,3,Enumerator,1,Ethiopia,0,1,1,1,1,1
679,Skamafa,Shedrack Kamafa,756622899,3,Enumerator,2,Tanzania,0,1,1,1,1,1
680,Jokech,Julius Okech,727660867,4,AI Technician,3,Kenya,0,1,1,1,0,0
682,agirma,Girma Amare,agirma,3,Enumerator,1,Ethiopia,0,1,1,1,1,0
683,FMlowe,Frida L.Mlowe,766082275,3,Enumerator,2,Tanzania,0,1,1,1,1,1
684,Jokelele,Okelele John,721592518,4,AI Technician,3,Kenya,0,1,1,1,0,0
685,Domondi,Donald Oduor Omondi,0720354263,6,Dairy Farm Assistant (DFA),3,Kenya,0,1,1,1,1,1
686,bandargachew,Andargachew Bitew,bandargachew,3,Enumerator,1,Ethiopia,0,1,1,1,1,1
688,Josotsi,Job Osotsi,728217248,4,AI Technician,3,Kenya,0,1,1,1,0,0
689,mollang,Michael Gor Ollang,0726424921,6,Dairy Farm Assistant (DFA),3,Kenya,0,1,1,1,1,1
692,Gwekesa,Geoffrey wekesa,724523671,4,AI Technician,3,Kenya,0,1,1,1,0,0
694,balemayehu,Alemayehu  Benti,balemayehu,3,Enumerator,1,Ethiopia,0,1,1,1,1,1
695,Engoloka,Ester M.Ngoloka,755835509,3,Enumerator,2,Tanzania,0,1,1,1,1,1
696,Eadamba,Elisha adamba,711170222,4,AI Technician,3,Kenya,0,1,1,1,0,0
700,Eetyang,Earnest etyang,727661282,4,AI Technician,3,Kenya,0,1,1,1,0,0
701,hamudava,Hempstone Amudava,0719333483,6,Dairy Farm Assistant (DFA),3,Kenya,0,1,1,1,1,1
702,mgudeta,Gudeta  Merga,mgudeta,3,Enumerator,1,Ethiopia,0,1,1,1,1,1
703,Jchoga,Jeremia Choga,754549662,3,Enumerator,2,Tanzania,0,1,1,1,1,1
704,Fomuse,Faustine omuse,701116505,4,AI Technician,3,Kenya,0,1,1,1,0,0
706,khusen,Husen kedir,khusen,3,Enumerator,1,Ethiopia,0,1,1,1,1,1
707,Rmollel,Richard Mollel,714633706,3,Enumerator,2,Tanzania,0,1,1,1,1,1
708,Mekisa,Marvin Ekisa,702469640,4,AI Technician,3,Kenya,0,1,1,1,0,0
710,hjemal,Jemal Haji,hjemal,3,Enumerator,1,Ethiopia,0,1,1,1,1,1
711,Rabdulaziz,Rashid Abdul Aziz,763006871,3,Enumerator,2,Tanzania,0,1,1,1,1,1
712,Gwambua,Godfrey wambua,722434333,4,AI Technician,3,Kenya,0,1,1,1,0,0
714,mmesfin,Mesfin Moges,mmesfin,3,Enumerator,1,Ethiopia,0,1,1,1,1,1
716,Rwatitwa,Rose watitwa,757188058,4,AI Technician,3,Kenya,0,1,1,1,0,0
717,ttewodros,Tewodros Tesfaye,ttewodros,3,Enumerator,1,Ethiopia,0,1,1,1,1,1
718,Smayongo,Saidi Mayongo,629710288,3,Enumerator,2,Tanzania,0,1,1,1,1,1
719,Kwasike,Kennedy wasike,727291008,4,AI Technician,3,Kenya,0,1,1,1,0,0
720,twegene,Wegene Tesema,twegene,3,Enumerator,1,Ethiopia,0,1,1,1,1,1
722,Eliona,Edmond liona,725965809,4,AI Technician,3,Kenya,0,1,1,1,0,0
723,gdegitu,Degitu Gareda,gdegitu,3,Enumerator,1,Ethiopia,0,1,1,1,1,1
724,Nyaroche,Humphrey,715971970,4,AI Technician,3,Kenya,0,1,1,1,0,0
725,amohammed,Mohammed Adem,amohammed,3,Enumerator,1,Ethiopia,0,1,1,1,1,1
726,Potieno,Pauline otieno,727864131,4,AI Technician,3,Kenya,0,1,1,1,0,0
727,cabayneh,Abayneh Chaka,cabayneh,3,Enumerator,1,Ethiopia,0,1,1,1,1,1
728,Jonyonge,Julius onyonge,0724352767,4,AI Technician,3,Kenya,0,1,1,1,1,1
729,dlemi,Lemi Daba,dlemi,3,Enumerator,1,Ethiopia,0,1,1,1,1,1
730,Barunga,Bonface arunga,729785589,4,AI Technician,3,Kenya,0,1,1,1,0,0
731,desay,Esay Dubale,desay,3,Enumerator,1,Ethiopia,0,1,1,1,1,1
732,Bnyarangi,Benson nyarangi,721484975,4,AI Technician,3,Kenya,0,1,1,1,0,0
733,tshimelis,ShimelisTolcha,tshimelis,3,Enumerator,1,Ethiopia,0,1,1,1,1,1
734,Fedage,Francis edage,721911473,4,AI Technician,3,Kenya,0,1,1,1,0,0
735,blemi,Lemi  Bacha,blemi,3,Enumerator,1,Ethiopia,0,1,1,1,1,1
736,Awamukota,Aggrey wamukota,720909448,4,AI Technician,3,Kenya,0,1,1,1,0,0
737,oanane,Anane  Olana,oanane,3,Enumerator,1,Ethiopia,0,1,1,1,1,1
738,onandwa,Oscar Nandwa,0722651423,4,AI Technician,3,Kenya,0,1,1,1,1,1
739,oworki,Worki Olana,oworki,3,Enumerator,1,Ethiopia,0,1,1,1,1,1
740,Vogola,Vincent ogola,0722794417,4,AI Technician,3,Kenya,0,1,1,1,1,1
741,dtamiru,Tamiru Dechasa,dtamiru,3,Enumerator,1,Ethiopia,0,1,1,1,1,1
742,Nmosigisi,Nyaboga mosigisi lamech,701407009,4,AI Technician,3,Kenya,0,1,1,1,0,0
743,mbezawork,Bezawork Mesfin,925638117,3,Enumerator,1,Ethiopia,0,1,1,1,1,1
744,Gaosa,Gladys monyangi aosa,728906224,4,AI Technician,3,Kenya,0,1,1,1,0,0
745,ltedlaye,Tedlaye Lega,ltedlaye,3,Enumerator,1,Ethiopia,0,1,1,1,1,1
746,Jmukagati,Jared mukagati,710842457,4,AI Technician,3,Kenya,0,1,1,1,0,0
747,gwubshet,Wubshet Girma,gwubshet,3,Enumerator,1,Ethiopia,0,1,1,1,1,1
748,Gngoko,George ngoko,726089660,4,AI Technician,3,Kenya,0,1,1,1,0,0
749,sfikadu,Fikadu Shimalo,sfikadu,3,Enumerator,1,Ethiopia,0,1,1,1,1,1
750,Rouko,Robert ouko ombongi,712773890,4,AI Technician,3,Kenya,0,1,1,1,0,0
751,bhana,Hana Berhanu,bhana,3,Enumerator,1,Ethiopia,0,1,1,1,1,1
752,Inyabwari,Innocent nyabwari,727637984,4,AI Technician,3,Kenya,0,1,1,1,0,0
753,ttesema,Tesema Tego,ttesema,3,Enumerator,1,Ethiopia,0,1,1,1,1,1
754,Dogora,Daniel nyakago ogora,724471928,4,AI Technician,3,Kenya,0,1,1,1,0,0
755,yyonas,Yonas Yohannes,yyonas,3,Enumerator,1,Ethiopia,0,1,1,1,1,1
756,Vruoth,Victor ruoth nyatuanga,727784761,4,AI Technician,3,Kenya,0,1,1,1,0,0
757,aalga,Alga Asha,aalga,3,Enumerator,1,Ethiopia,0,1,1,1,1,1
758,pmakau,Paul M. Makau,0726620315,4,AI Technician,3,Kenya,0,1,1,1,1,1
759,kyigezu,Yigezu Kassahun,kyigezu,3,Enumerator,1,Ethiopia,0,1,1,1,1,1
760,kmusila,Abbiut K. Musila,0706015721,4,AI Technician,3,Kenya,0,1,1,1,1,1
761,ddejene,Dejene Desta,ddejene,3,Enumerator,1,Ethiopia,0,1,1,1,1,1
762,fmutuku,Francis W. Mutuku,711123459,4,AI Technician,3,Kenya,0,1,1,1,0,0
763,gmuli,Geoffrey M. Muli,0701995483,4,AI Technician,3,Kenya,0,1,1,1,1,1
764,hmuse,Muse Habtamu,hmuse,3,Enumerator,1,Ethiopia,0,1,1,1,1,1
765,jmutua,Jeremiah M. Mutua,0728467514,4,AI Technician,3,Kenya,0,1,1,1,1,1
767,elangat,Enock Langat,725248357,4,AI Technician,3,Kenya,0,1,1,1,0,0
768,pmuluneh,Muluneh Paulos,pmuluneh,3,Enumerator,1,Ethiopia,0,1,1,1,1,1
769,gireri,Gregory Ireri Bernard,710618665,4,AI Technician,3,Kenya,0,1,1,1,0,0
770,amaina,Annah Nekesa Maina,706769876,4,AI Technician,3,Kenya,0,1,1,1,0,0
772,gkioko,Geoffrey M. Kioko,706945342,4,AI Technician,3,Kenya,0,1,1,1,0,0
773,tkiilu,Thomas Keli Kiilu,718702375,4,AI Technician,3,Kenya,0,1,1,1,0,0
774,btowett,Benard Towett,717712473,4,AI Technician,3,Kenya,0,1,1,1,0,0
775,smsomba,Samuel Makau somba,0715439476,4,AI Technician,3,Kenya,0,1,1,1,1,1
776,jkasenge,Jimmy Kasenge,720125267,4,AI Technician,3,Kenya,0,1,1,1,0,0
777,vkimatu,Vincent Kimatu,724034755,4,AI Technician,3,Kenya,0,1,1,1,0,0
778,wmusau,Wilson Musau,728003688,4,AI Technician,3,Kenya,0,1,1,1,0,0
779,fkyalo,Felix Kyalo,713269050,4,AI Technician,3,Kenya,0,1,1,1,0,0
780,snzioka,Stephen Nzioka,714756084,4,AI Technician,3,Kenya,0,1,1,1,1,1
781,jkamanda,Jane Kamanda,707953966,4,AI Technician,3,Kenya,0,1,1,1,0,0
782,dmutiso,Donald M. Mutiso,0726919082,4,AI Technician,3,Kenya,0,1,1,1,1,1
783,tmutala,Theophelas N. Mutala,724034704,4,AI Technician,3,Kenya,0,1,1,1,0,0
784,andungi,Anthony Ndungi,724994125,4,AI Technician,3,Kenya,0,1,1,1,0,0
785,kmbuva,Kyalo Mbuva,707583465,4,AI Technician,3,Kenya,0,1,1,1,0,0
787,jmaundu,Julius Maundu,0713936543,4,AI Technician,3,Kenya,0,1,1,1,1,1
788,bmusembi,Benjamin M. Musembi,714753025,4,AI Technician,3,Kenya,0,1,1,1,0,0
789,jnzuma,Josephat K. Nzuma,726148988,4,AI Technician,3,Kenya,0,1,1,1,0,0
790,rmuteti,Richard Muteti,720725336,6,Dairy Farm Assistant (DFA),3,Kenya,0,1,1,1,1,1
791,ukioko,Urbanus K. Kioko,720417315,4,AI Technician,3,Kenya,0,1,1,1,0,0
792,psimon,Patrick M. Simon,727521928,4,AI Technician,3,Kenya,0,1,1,1,0,0
793,jkimeu,Joshua K. Kimeu,729074563,4,AI Technician,3,Kenya,0,1,1,1,0,0
794,dkwake,Damian Kwake,723224623,4,AI Technician,3,Kenya,0,1,1,1,0,0
795,jmutunga,Jackson Mutunga,710976278,4,AI Technician,3,Kenya,0,1,1,1,0,0
796,Iobila,Isaiah obila,721966061,4,AI Technician,3,Kenya,0,1,1,1,0,0
797,Tochuka,Tom ochuka,727115340,4,AI Technician,3,Kenya,0,1,1,1,0,0
798,Tchoti,Timothy choti,726935759,4,AI Technician,3,Kenya,0,1,1,1,0,0
799,Enyakundi,Eliezer chweya Nyakundi,710458324,4,AI Technician,3,Kenya,0,1,1,1,0,0
800,Smagwaro,Sharon magwaro,716116196,4,AI Technician,3,Kenya,0,1,1,1,0,0
801,Eochieng,Edwin Ochieng,711112122,4,AI Technician,3,Kenya,0,1,1,1,0,0
802,Eshikanda,Edwin shikanda,722822658,4,AI Technician,3,Kenya,0,1,1,1,0,0
803,Cninga,Calvin Ninga,723472307,4,AI Technician,3,Kenya,0,1,1,1,0,0
804,Pchepkemoi,Patricia chepkemoi,721378679,4,AI Technician,3,Kenya,0,1,1,1,0,0
805,Lotwona,Linet inzai otwona,702638343,4,AI Technician,3,Kenya,0,1,1,1,0,0
806,Ltanui,Laban tanui,723733944,4,AI Technician,3,Kenya,0,1,1,1,0,0
807,Mwekesa,Mark wekesa,728840922,4,AI Technician,3,Kenya,0,1,1,1,0,0
808,Joronje,Jaflet oronje,722588327,4,AI Technician,3,Kenya,0,1,1,1,0,0
809,Sowino,Stephen Owino,723259075,4,AI Technician,3,Kenya,0,1,1,1,0,0
810,Gwere,Geoffrey were,715874136,4,AI Technician,3,Kenya,0,1,1,1,0,0
811,Betiang,Bramwel etiang,728776549,4,AI Technician,3,Kenya,0,1,1,1,0,0
812,Atekin,Arnold tekin,722219685,4,AI Technician,3,Kenya,0,1,1,1,0,0
813,Rbusolo,Reuben Busolo Otinga,0729835175,4,AI Technician,3,Kenya,0,1,1,1,1,1
814,Jbitok,James bitok,712870642,4,AI Technician,3,Kenya,0,1,1,1,0,0
815,Rsubai,Ronald subai,722991928,4,AI Technician,3,Kenya,0,1,1,1,0,0
816,Jwandera,James wandera,710980750,4,AI Technician,3,Kenya,0,1,1,1,0,0
817,Aoketch,Austin oketch,727209611,4,AI Technician,3,Kenya,0,1,1,1,0,0
818,Kbooker,Kevin booker,729903156,4,AI Technician,3,Kenya,0,1,1,1,0,0
819,Fomondi,Fredrick omondi,724628607,4,AI Technician,3,Kenya,0,1,1,1,0,0
820,Fkagoni,Francis kagoni,721151149,4,AI Technician,3,Kenya,0,1,1,1,0,0
821,Ekabaraji,Edwin kabaraji,721414688,4,AI Technician,3,Kenya,0,1,1,1,0,0
822,Kokoth,Kenneth okoth,700256296,4,AI Technician,3,Kenya,0,1,1,1,0,0
823,Cnyaanga,Charles nyaanga,725826215,4,AI Technician,3,Kenya,0,1,1,1,0,0
824,Dageso,Dominic ageso,793848480,4,AI Technician,3,Kenya,0,1,1,1,0,0
825,Dagwa,Davies agwa,720800640,4,AI Technician,3,Kenya,0,1,1,1,0,0
826,Tokeyo,Tobias okeyo,723052373,4,AI Technician,3,Kenya,0,1,1,1,0,0
827,RMurithi,Reuben murithi,728256944,4,AI Technician,3,Kenya,0,1,1,1,0,0
828,Cochiero,Cleophas ochiero,722539652,4,AI Technician,3,Kenya,0,1,1,1,0,0
829,Fodira,Felix odira,769000461,4,AI Technician,3,Kenya,0,1,1,1,0,0
830,Rchacha,Robert chacha,0724945303,4,AI Technician,3,Kenya,0,1,1,1,0,0
831,Tabok,Titus abok,726814353,4,AI Technician,3,Kenya,0,1,1,1,0,0
832,Fgura,Fredrick gura,716870511,4,AI Technician,3,Kenya,0,1,1,1,0,0
833,Jobure,Jeremiah obure,721747259,4,AI Technician,3,Kenya,0,1,1,1,0,0
834,Esakwa,Edwin sakwa,726151474,4,AI Technician,3,Kenya,0,1,1,1,0,0
835,Amideva,Alice Mideva,720238522,4,AI Technician,3,Kenya,0,1,1,1,0,0
836,Kgurema,Kenneth gurema,721267965,4,AI Technician,3,Kenya,0,1,1,1,0,0
837,Fkidaha,Francis kidaha,722427749,4,AI Technician,3,Kenya,0,1,1,1,0,0
838,Famiam,Frank amiam,729330193,4,AI Technician,3,Kenya,0,1,1,1,0,0
839,Camutabi,Charles amutabi,722628336,4,AI Technician,3,Kenya,0,1,1,1,0,0
840,Jnyadimo,Jared nyadimo,721379624,4,AI Technician,3,Kenya,0,1,1,1,0,0
841,Eodhiambo,Edward odhiambo,722558781,4,AI Technician,3,Kenya,0,1,1,1,0,0
842,Damogah,David amogah,711862056,4,AI Technician,3,Kenya,0,1,1,1,0,0
843,Sakifuma,Samson akifuma,723115314,4,AI Technician,3,Kenya,0,1,1,1,0,0
844,Eomolo,Everline omolo,724336636,4,AI Technician,3,Kenya,0,1,1,1,0,0
845,Aomolo,Arthur Omolo,717195529,4,AI Technician,3,Kenya,0,1,1,1,0,0
846,Fokoth,Fabian okoth,725640851,4,AI Technician,3,Kenya,0,1,1,1,0,0
847,Eomondi,Erick omondi,729001704,4,AI Technician,3,Kenya,0,1,1,1,0,0
848,Comondi,Christine omondi,713855243,4,AI Technician,3,Kenya,0,1,1,1,0,0
849,Wobanda,Wilson obanda,724744285,4,AI Technician,3,Kenya,0,1,1,1,0,0
850,Aomullo,Albert omullo,720444452,4,AI Technician,3,Kenya,0,1,1,1,0,0
851,Joyato,Dr James oyato,0723216497,4,AI Technician,3,Kenya,0,1,1,1,0,0
852,Pchuchu,Priscah chuchu,714394080,4,AI Technician,3,Kenya,0,1,1,1,0,0
853,Monyaga,Maureen onyaga,710208220,4,AI Technician,3,Kenya,0,1,1,1,0,0
854,Joremo,Jim oremo,713542980,4,AI Technician,3,Kenya,0,1,1,1,0,0
866,Elyatuu,Eliamoni Lyatuu,754472810,5,Office Staff,2,Tanzania,0,1,1,1,1,1
1126,Nebiyu,Nebiyu    Eshetu,970539548,3,Enumerator,1,Ethiopia,0,1,1,1,1,1
1154,sileshi,Sileshi Gugsa,912300947,5,Office Staff,1,Ethiopia,0,1,1,1,1,1
1245,labera,Abera Lerebo,labera,4,AI Technician,1,Ethiopia,0,1,1,1,1,1
1342,seifemichael,Seifemichael,913723979,5,Office Staff,1,Ethiopia,0,1,1,1,1,1
1379,Yajibushal,Yajibushal,933838202,3,Enumerator,1,Ethiopia,0,1,1,1,1,1
1448,bmekonnen,Mekonnen Bekele,bmekonnen,3,Enumerator,1,Ethiopia,1,1,1,1,1,1
1480,daniel,Daniel Deriba,919594480,3,Enumerator,1,Ethiopia,0,1,1,1,1,1
1517,Mmlimbe,Musa Edward Mlimbe,756634281,3,Enumerator,2,Tanzania,0,1,1,1,1,1
1520,Tmaimu,Tumaini Elias maimu,655518576,4,AI Technician,2,Tanzania,0,1,1,1,1,1
1522,IMrema,Irene Happy god Mrema,711835854,4,AI Technician,2,Tanzania,0,1,1,1,1,1
1523,MMngulu,Mary W Mngulu,715231256,4,AI Technician,2,Tanzania,0,1,1,1,1,1
1524,TANZANIA,TANZANIA,718998877,4,AI Technician,2,Tanzania,0,1,1,1,1,1
1525,dshukuru,diana shukuru,746786803,4,AI Technician,2,Tanzania,0,1,1,1,1,1
1526,Amwandemanie,Andrew mwandemanie,754597964,4,AI Technician,2,Tanzania,0,1,1,1,1,1
1528,Rmfaume,Raymond Gaspar Mfaume,755686104,4,AI Technician,2,Tanzania,0,1,1,1,1,1
1529,Amsika,Abraham  Msika,755990941,4,AI Technician,2,Tanzania,0,1,1,1,1,1
1530,Sminga,Subira minga,757153038,4,AI Technician,2,Tanzania,0,1,1,1,1,1
1531,Skanolo,Sunday  mamba  kanolo,757319730,4,AI Technician,2,Tanzania,0,1,1,1,1,1
1532,Amotiba,Amos motiba,762195029,4,AI Technician,2,Tanzania,0,1,1,1,1,1
1533,Akinyau,Annastazia kinyau.,767304261,4,AI Technician,2,Tanzania,0,1,1,1,1,1
1534,Kkasebwa,KOSHUMA KASEBWA,767564703,4,AI Technician,2,Tanzania,0,1,1,1,1,1
1536,Imwasikili,Isiaka  mwasikili,769061166,4,AI Technician,2,Tanzania,0,1,1,1,1,1
1538,PPastory,Prudence J Pastory,768450254,3,Enumerator,2,Tanzania,0,1,1,1,1,1
1540,EMwesiga,ELIVIUS JAMES MWESIGA,762546813,4,AI Technician,2,Tanzania,0,1,1,1,1,1
1542,Srulinga,SABA KASHILIMU RULINGA,755492935,4,AI Technician,2,Tanzania,0,1,1,1,1,1
1544,Gmgango,Godfrey Mabubi Mgango,784483471,4,AI Technician,2,Tanzania,0,1,1,1,1,1
1545,DSamwel,Dickson E samwel,767796220,4,AI Technician,2,Tanzania,0,1,1,1,1,1
1546,Engutta,Emmanuel Elkana Ngutta,757665451,4,AI Technician,2,Tanzania,0,1,1,1,1,1
1547,ANdyamkama,Absalom William Ndyamkama,624703053,4,AI Technician,2,Tanzania,0,1,1,1,1,1
1548,SKaniki,Salma Rajabu Kaniki,716532246,4,AI Technician,2,Tanzania,0,1,1,1,1,1
1551,MMASANJA,MARCO R. MASANJA,715259298,4,AI Technician,2,Tanzania,0,1,1,1,1,1
1552,Igniilo,Ismail gwatema niilo,686292140,4,AI Technician,2,Tanzania,0,1,1,1,1,1
1553,Msmaliba,Mgema Sitta Maliba,766109300,4,AI Technician,2,Tanzania,0,1,1,1,1,1
1555,TMmbando,Thadeus K. Mmbando,621851950,4,AI Technician,2,Tanzania,0,1,1,1,1,1
1556,Nkesere,Nyakesa k kesere,752208643,4,AI Technician,2,Tanzania,0,1,1,1,1,1
1557,LRugei,Lorivi L Rugei,755953974,4,AI Technician,2,Tanzania,0,1,1,1,1,1
1558,Jkisangi,John kisangi,710961231,4,AI Technician,2,Tanzania,0,1,1,1,1,1
1559,Takaro,Theobald Melkiory Akaro,654115042,4,AI Technician,2,Tanzania,0,1,1,1,1,1
1560,FBalishari,Frank Balishari,787853054,4,AI Technician,2,Tanzania,0,1,1,1,1,1
1561,Mmunga,Mrisho Akili Munga,755428411,4,AI Technician,2,Tanzania,0,1,1,1,1,1
1562,Vofihoma,Vasco Onesmo Fihoma,754970454,4,AI Technician,2,Tanzania,0,1,1,1,1,1
1563,Nkyejo,Dr Nickoem Kyejo,784797111,4,AI Technician,2,Tanzania,0,1,1,1,1,1
1564,Mbugalaza,Mawazo Bugalama,765535409,4,AI Technician,2,Tanzania,0,1,1,1,1,1
1567,Narok,Narok Test,12345,3,Enumerator,3,Kenya,1,1,1,1,1,1
1573,kenyauser3,Kenya User Three,null,4,AI Technician,3,Kenya,0,1,1,1,0,0
1588,hnjamba,Harrison Njamba,111a222B,6,Dairy Farm Assistant (DFA),3,Kenya,1,1,1,1,1,1
1590,Neema,Neema Kelya,2224,1,Data Manager,2,Tanzania,1,1,1,1,1,1
1599,bbehailu,Behailu Beyene,bbehailu,5,Office Staff,1,Ethiopia,0,1,1,1,1,1
1600,eyasu,Eyasu Lakew,964677992,4,AI Technician,1,Ethiopia,0,1,1,1,0,0
1601,amasresha,Maseresh Assefa,918639719,4,AI Technician,1,Ethiopia,0,1,1,1,0,0
1602,syebelay,Yebelay Semahegn,942125556,4,AI Technician,1,Ethiopia,0,1,1,1,0,0
1603,ayohannes,Yohannes Asmamaw,911304741,4,AI Technician,1,Ethiopia,0,1,1,1,0,0
1604,emekides,Mekides Eylachew,986363810,4,AI Technician,1,Ethiopia,0,1,1,1,0,0
1605,gmamaru,Mamaru Getnet,915628053,4,AI Technician,1,Ethiopia,0,1,1,1,0,0
1606,tgezahegn,Gezahegn Tessema,918230298,4,AI Technician,1,Ethiopia,0,1,1,1,0,0
1607,mchanie,Chanie Mitiku,911116394,4,AI Technician,1,Ethiopia,0,1,1,1,0,0
1608,amulugeta,Mulugeta Alemneh,911979692,4,AI Technician,1,Ethiopia,0,1,1,1,0,0
1609,gsileshi,Sileshi Getaneh,911867985,4,AI Technician,1,Ethiopia,0,1,1,1,0,0
1610,aassen,Assen Ahmed,920784066,5,Office Staff,1,Ethiopia,1,1,1,1,1,1
1611,tabay,Abay Tafete,910108115,4,AI Technician,1,Ethiopia,0,1,1,1,0,0
1612,bdemeke,Demeke Bilan,953637147,4,AI Technician,1,Ethiopia,0,1,1,1,0,0
1613,mmandefro,Mandefro Molla,918121117,4,AI Technician,1,Ethiopia,0,1,1,1,0,0
1614,ahasen,Hassen Ali,923359201,5,Office Staff,1,Ethiopia,0,1,1,1,1,1
1615,asisay,Sisay Ayalew,918210888,4,AI Technician,1,Ethiopia,0,1,1,1,0,0
1616,ahaymanot,Haymanot Addis,921007720,4,AI Technician,1,Ethiopia,0,1,1,1,0,0
1620,abekele,Bekele Abie,918122320,4,AI Technician,1,Ethiopia,0,1,1,1,0,0
1621,zbelay,Belay Zeleke,923419885,4,AI Technician,1,Ethiopia,0,1,1,1,0,0
1622,afitalew,Fitalew Adamu,996730467,4,AI Technician,1,Ethiopia,0,1,1,1,0,0
1623,mulatu,Mulatu Dagnaw,912082669,4,AI Technician,1,Ethiopia,0,1,1,1,0,0
1624,awizer,Dr Awizer,975822189,5,Office Staff,2,Tanzania,0,1,1,1,1,1
1625,kalil,Kalil,922762136,4,AI Technician,1,Ethiopia,0,1,1,1,0,0
1626,lencho,Lencho Aster farm,926629524,4,AI Technician,1,Ethiopia,0,1,1,1,0,0
1627,melkam,Melkam Endale Farm,930540428,4,AI Technician,1,Ethiopia,0,1,1,1,0,0
1628,azelalem,Zelalem Admasu,917027973,3,Enumerator,1,Ethiopia,0,1,1,1,1,1
1629,elverra,Elverra Cattle Breeding,elverra,4,AI Technician,1,Ethiopia,0,1,1,1,0,0
1630,kkokeb,Deberbrhan university farm,910469325,4,AI Technician,1,Ethiopia,0,1,1,1,0,0
1631,jmohammed,Mohammed Jihad,939873206,4,AI Technician,1,Ethiopia,0,1,1,1,0,0
1636,Edward,Edward,3016,3,Enumerator,2,Tanzania,0,1,1,1,1,1
1637,Daudi,Daudi,3018,3,Enumerator,2,Tanzania,0,1,1,1,1,1
1638,Amani,Amani,3022,3,Enumerator,2,Tanzania,0,1,1,1,1,1
1641,selam,Selam Meseret,911109703,1,Data Manager,1,Ethiopia,1,1,1,1,1,1
1643,Abdu,Abdu Hassen,2223,1,Data Manager,1,Ethiopia,1,1,1,1,1,1
1644,eyayu,Eyayu Admasu,aeyayu,3,Enumerator,1,Ethiopia,0,1,1,1,1,1
1645,Eshete ,Eshete Teshome,teshete,5,Office Staff,1,Ethiopia,0,1,1,1,1,1
1646,kalro,Mirieri Mogaka,2223,3,Enumerator,3,Kenya,1,1,1,1,1,1
1647,NAIC,NAIC,NAIC,1,Data Manager,2,Tanzania,1,1,1,1,1,1
1648,ddaniel,Daniel Demessie,ddaniel,3,Enumerator,1,Ethiopia,0,1,1,1,1,1
1649,habdu,Abdu Hassen,null,1,Data Manager,1,Ethiopia,1,1,1,1,1,1
1650,misganaw,Misganaw Abie,992374043,3,Enumerator,1,Ethiopia,1,1,1,1,1,1
1651,Maria Mashingo,Maria Mashingo,Maria1234,5,Office Staff,2,Tanzania,0,1,1,1,1,1
1652,Gilbert Msuta,Gilbert Msuta,Msuta1234,5,Office Staff,2,Tanzania,0,1,1,1,1,1
1653,Srashid,Sophia Rashid Sillim,784534378,4,AI Technician,2,Tanzania,0,1,1,1,1,1
1656,test,Test Account,2223,1,Data Manager,1,Ethiopia,1,1,1,1,1,1
1657,nachieng,Novah Achieng,0704415877,6,Dairy Farm Assistant (DFA),3,Kenya,0,1,1,1,0,0
1658,KibolaB,Baltazar Kibola,788247474,1,Data Manager,2,Tanzania,1,1,1,1,1,1
1659,dkwach,Kwach David Omondi,0799878872,6,Dairy Farm Assistant (DFA),3,Kenya,0,1,1,1,1,1
1660,muinde,Pius muinde,0710426934,4,AI Technician,3,Kenya,0,1,1,1,1,1
1661,zambia_user,zambia test,2223,3,Enumerator,5,Zambia,0,1,1,1,1,0
1662,jkamonzo,Joseph Kamonzo,0722566878,4,AI Technician,3,Kenya,0,1,1,1,1,1
1663,FMUTHONI,FAITH MUTHONI,4321,6,Dairy Farm Assistant (DFA),3,Kenya,0,1,1,1,1,1
1664,d.kiti,David Kiti,2223,4,AI Technician,3,Kenya,0,1,1,1,1,1
1665,r.origa,Ruth Origa,2223,4,AI Technician,3,Kenya,1,1,1,1,1,1
1666,f.odoyo,Folrence Adoyo,0725684874,6,Dairy Farm Assistant (DFA),3,Kenya,1,1,1,1,1,1
1667,m.otieng,Mark Otieng Odinya,2223,4,AI Technician,3,Kenya,0,1,1,1,1,1
1668,d.aloo,Dismas Aloo,2223,4,AI Technician,3,Kenya,0,1,1,1,1,1
1669,p.othiambo,Peter Odhiambo,2223,4,AI Technician,3,Kenya,0,1,1,1,1,1
1670,a.tessy,Achieno Tessy,2223,4,AI Technician,3,Kenya,0,1,1,1,1,1
1671,o.edwin,Okoth Edwin,2223,4,AI Technician,3,Kenya,0,1,1,1,1,1
1672,nbirhanu,Birhanu Niguissie,nbirhanu,3,Enumerator,1,Ethiopia,0,1,1,1,1,1
1673,k.polycap,Kundembule Polycap,2223,4,AI Technician,3,Kenya,0,1,1,1,1,1
1675,k.adeniran,Kehinde Adeniran,Banana,1,Data Manager,4,Nigeria,1,1,1,1,1,1
1676,e.oloyede,Emmanuel Oloyede,2223,1,Data Manager,4,Nigeria,1,1,1,1,1,1
1677,s.oyekan,Seun Oyekan-Nash,2223,1,Data Manager,4,Nigeria,1,1,1,1,1,1
1678,tesfaye,Tesfaye Meat and Diary, 913677241,3,Enumerator,1,Ethiopia,0,1,1,1,1,1
1679,aderabonie,Bonface Adera Ochola,0726872817,4,AI Technician,3,Kenya,0,1,1,1,1,1
1680,aarkippo,Adams Arkippo,0701738928,4,AI Technician,3,Kenya,0,1,1,1,1,1
1681,gkimani,George muthiora kimani,0705509503,4,AI Technician,3,Kenya,0,1,1,1,1,1
1682,cawuor,Concilia Judith Awuor,0708360965,4,AI Technician,3,Kenya,0,1,1,1,1,1
1683,Josoki,Joseph M Osoki,0765729741,4,AI Technician,4,Nigeria,0,1,1,1,1,1
1684,ahilufty,Hilufty Amare,ahilufty,3,Enumerator,1,Ethiopia,0,1,1,1,1,1
1685,Rkimwele,Raphael kimwele ,0727874439,1,Data Manager,3,Kenya,0,1,1,1,1,1
1686,Nicodem U Mwamboja,Nicodem U Mwamboja,784415961,3,Enumerator,2,Tanzania,0,1,1,1,1,1
1687,sochuodho,Sospeter Ochuodho,0711555357,6,Dairy Farm Assistant (DFA),3,Kenya,0,1,1,1,1,1
1690,Akikuyu,Alfred kikuyu,0721768176,4,AI Technician,3,Kenya,0,1,1,1,1,1
1692,Ambulu,Alexander mbulu,0725488816,4,AI Technician,3,Kenya,0,1,1,1,1,1
1710,Fmutinda,Festo mutinda,0727629064,4,AI Technician,3,Kenya,0,1,1,1,1,1
1712,gmuhonja,Gladys Muhonja,0716662512,4,AI Technician,3,Kenya,0,1,1,1,1,1
1718,jkibet,Joseph Kibet,110895969,6,Dairy Farm Assistant (DFA),3,Kenya,0,1,1,1,1,1
1723,jmmutua,Justus Mutua,0725053221,4,AI Technician,3,Kenya,0,1,1,1,1,1
1724,Jmusya,Joshua musya,0723093802,4,AI Technician,3,Kenya,0,1,1,1,1,1
1727,Jnzuki,Julius nzuki,0723100708,4,AI Technician,3,Kenya,0,1,1,1,1,1
1743,Pmuinde,Pius muinde,0710426934,4,AI Technician,3,Kenya,0,1,1,1,1,1
1755,votieno,Valentine Oloo Otieno,0712035502,4,AI Technician,3,Kenya,0,1,1,1,1,1
1761,hnjambatz,HarrisonTZ NjambaTZ,111a222B,1,Data Manager,2,Tanzania,1,1,1,1,1,1
1809,aesfaye,Tesfaye,null,5,Office Staff,1,Ethiopia,0,0,0,0,0,0
1815,Mary Milinga,Mary Milinga,718253808,3,Enumerator,2,Tanzania,0,1,1,1,1,1
1816,Deogratius Masao,Deogratius Masao,717474268,3,Enumerator,2,Tanzania,0,1,1,1,1,1
1817,Kelvin Nokwe,Kelvin Nokwe,757461358,3,Enumerator,2,Tanzania,0,1,1,1,1,1
1820,bwambua,boniface wambua nzilani,0707633574,4,AI Technician,3,Kenya,0,1,1,1,1,1
1823,jaudho,James Audho,2323,6,Dairy Farm Assistant (DFA),3,Kenya,1,1,1,1,1,1
1828,honduso,Hosea Onduso ,0723959725,6,Dairy Farm Assistant (DFA),3,Kenya,0,1,1,1,1,1
1829,emaroa,Elias Maroa,0718602274,6,Dairy Farm Assistant (DFA),3,Kenya,0,1,1,1,1,1
1830,mboaz,Mokaya Boaz,0723654280,6,Dairy Farm Assistant (DFA),3,Kenya,0,1,1,1,1,1
1832,olaurence,Okumu Lawrence,0708865125,6,Dairy Farm Assistant (DFA),3,Kenya,0,1,1,1,1,1
1833,omondi,Donald Omondi,0720354263,6,Dairy Farm Assistant (DFA),3,Kenya,0,1,1,1,1,1
1834,mawino,Macrine Awino,0708131813,6,Dairy Farm Assistant (DFA),3,Kenya,0,1,1,1,1,1
1835,jawino,Jackline Awino,0711209184,6,Dairy Farm Assistant (DFA),3,Kenya,0,1,1,1,1,1
1836,jkilaho,Justus Kilaho,0769585462,6,Dairy Farm Assistant (DFA),3,Kenya,0,1,1,1,1,1
1837,vonzere,Vincent Onzere,0724350932,6,Dairy Farm Assistant (DFA),3,Kenya,0,1,1,1,1,1
1838,wevelia,Webstar Evelia,0719179871,6,Dairy Farm Assistant (DFA),3,Kenya,0,1,1,1,1,1
1839,vombui,Vincent Ombui,0710521942,6,Dairy Farm Assistant (DFA),3,Kenya,0,1,1,1,1,1
1840,dkagali,Dave Kagali,0703687721,6,Dairy Farm Assistant (DFA),3,Kenya,0,1,1,1,1,1
1846,Aichi,Aichi Kitalyi,784542616,5,Office Staff,2,Tanzania,0,1,1,1,1,1
1847,Athumani,Athumani Nguluma,654899696,5,Office Staff,2,Tanzania,0,1,1,1,1,1
1848,Japhari,Japhari,714076404,4,AI Technician,2,Tanzania,0,1,1,1,1,1
1849,bchilala,Belindah Chilala,0974568358,1,Data Manager,5,Zambia,1,1,1,1,1,0
1850,Tknight,Theodore Knight-Jones,0682068004,5,Office Staff,5,Zambia,0,1,1,1,1,0
1851,smwendia,Solomon Mwendia,0722674299,5,Office Staff,5,Zambia,0,1,1,1,1,0
1852,nsikaceya,Noah Sikaceya,0974513417,2,Field Co-Ordinator,5,Zambia,0,1,1,1,1,0
1853,hopevet,Malcom ,0977698130,2,Field Co-Ordinator,5,Zambia,0,1,1,1,1,0
1854,cchizunga,Christine Chizunga,0972151933,3,Enumerator,5,Zambia,0,1,1,1,1,0
1855,mkalima,Mulise Kalima,0973340944,3,Enumerator,5,Zambia,0,1,1,1,1,0
1858,etaboi,Emanuel Taboi,0792206376,6,Dairy Farm Assistant (DFA),3,Kenya,0,1,1,1,1,1
1859,ekapkomu,Eliud Kapkomu ,0726844633,6,Dairy Farm Assistant (DFA),3,Kenya,0,1,1,1,1,1
1860,cmwale,Chris Mwale,0768801030,6,Dairy Farm Assistant (DFA),3,Kenya,0,1,1,1,1,1
1861,mezakier,Mululu Ezakier,0710668128,6,Dairy Farm Assistant (DFA),3,Kenya,0,1,1,1,1,1
1862,gbuluma,Godwin Buluma,0713054644,6,Dairy Farm Assistant (DFA),3,Kenya,0,1,1,1,1,1
1863,ewepukhulu,Edwin Wepukhulu,0711771988,6,Dairy Farm Assistant (DFA),3,Kenya,0,1,1,1,1,1
1864,smaboni,Salome Maboni,0726914200,6,Dairy Farm Assistant (DFA),3,Kenya,0,1,1,1,1,1
1865,bobago,Benson Obago,0713435244,6,Dairy Farm Assistant (DFA),3,Kenya,0,1,1,1,1,1
1866,smakungu,Saumu Makungu,0700250055,6,Dairy Farm Assistant (DFA),3,Kenya,0,1,1,1,1,1
1867,emichael,Ekisa Michael,0791717316,6,Dairy Farm Assistant (DFA),3,Kenya,0,1,1,1,1,1
1868,lodhiambo,Lawrence Odhiambo,0715063189,6,Dairy Farm Assistant (DFA),3,Kenya,0,1,1,1,1,1
1869,lokumu,Lawrence Okumu,0707637496,6,Dairy Farm Assistant (DFA),3,Kenya,0,1,1,1,1,1
1870,vagidho,Vincent Agidho,0712402317,6,Dairy Farm Assistant (DFA),3,Kenya,0,1,1,1,1,1
1871,omalvene,Malvene Ojwang,0713671291,6,Dairy Farm Assistant (DFA),3,Kenya,0,1,1,1,1,1
1872,rmzee,Ruth Mzee,0727047872,6,Dairy Farm Assistant (DFA),3,Kenya,0,1,1,1,1,1
1873,bogoiya,Bonfas Ogoiya,0716210479,6,Dairy Farm Assistant (DFA),3,Kenya,0,1,1,1,1,1
1880,hlichoti,HERMAN LICHOTI,0705332110,4,AI Technician,3,Kenya,0,1,1,1,1,1
1881,kkennedy,Keya Kennedy,0724888211,6,Dairy Farm Assistant (DFA),3,Kenya,0,1,1,1,1,1
1882,jlavu,Jude Lavu,0711978842,6,Dairy Farm Assistant (DFA),3,Kenya,0,1,1,1,1,1
1883,wsimiyu,Wechabe Simiyu,0713089795,6,Dairy Farm Assistant (DFA),3,Kenya,0,1,1,1,1,1
1884,dnogutu,Daniel N Ogutu,0725927520,4,AI Technician,3,Kenya,0,1,1,1,1,1
1885,dnogoti,Deborah N Ogoti,0726535066,4,AI Technician,3,Kenya,0,1,1,1,1,1
1886,cbsaenyi,Chrispinus B. Saenyi,0727206867,4,AI Technician,3,Kenya,0,1,1,1,1,1
1887,cwangila,Chrisostim Wangila,0714707588,4,AI Technician,3,Kenya,0,1,1,1,1,1
1888,nnanzushi,Nashon Nanzushi,0721997418,4,AI Technician,3,Kenya,0,1,1,1,1,1
1889,wmutama,Wycliffe Mutama,0710894052,4,AI Technician,3,Kenya,0,1,1,1,1,1
1890,gbii,Geoffrey Bii,0720471579,6,Dairy Farm Assistant (DFA),3,Kenya,0,1,1,1,1,1
1891,tarnold,Tekin Arnold,0722219685,4,AI Technician,3,Kenya,0,1,1,1,1,1
1892,mallan,Muruli Allan,0720937522,6,Dairy Farm Assistant (DFA),3,Kenya,0,1,1,1,1,1
1893,swafula,Samuel Wafula,0724021462,6,Dairy Farm Assistant (DFA),3,Kenya,0,1,1,1,1,1
1894,podongo,Philip Odongo,0720955720,6,Dairy Farm Assistant (DFA),3,Kenya,0,1,1,1,1,1
1895,donomondi,Donald Omondi,0720354263,6,Dairy Farm Assistant (DFA),3,Kenya,0,1,1,1,1,1
1896,lawokumu,Lawrence Okumu,0708865125,6,Dairy Farm Assistant (DFA),3,Kenya,0,1,1,1,1,1
1897,macrineawino,Macrine Awino,0708131813,6,Dairy Farm Assistant (DFA),3,Kenya,0,1,1,1,1,1
1898,jacklineawino,Jackline Awino,0711209184,6,Dairy Farm Assistant (DFA),3,Kenya,0,1,1,1,1,1
1899,andrewbarasa,Andrew Barasa,0726796499,6,Dairy Farm Assistant (DFA),3,Kenya,0,1,1,1,1,1
1900,csibajene,Christopher Sibajene,0978063392,3,Enumerator,5,Zambia,0,1,1,1,1,0
1901,jmate,James Mate,0777701172,3,Enumerator,5,Zambia,0,1,1,1,1,0
1902,esndamwe,Evans S. Ndamwe,0728498478,6,Dairy Farm Assistant (DFA),3,Kenya,0,1,1,1,1,1
1903,bnlutalala,Boniface N. Lutalala,0713428113,6,Dairy Farm Assistant (DFA),3,Kenya,0,1,1,1,1,1
1904,pwere,Paul Were,0112381824,6,Dairy Farm Assistant (DFA),3,Kenya,0,1,1,1,1,1
1905,donchera,David Onchera,0722576178,6,Dairy Farm Assistant (DFA),3,Kenya,0,1,1,1,1,1
1906,imasudi,Isaac Masudi,0722399132,6,Dairy Farm Assistant (DFA),3,Kenya,0,1,1,1,1,1
1907,zhussein,Zainab Hussein,0725963377,6,Dairy Farm Assistant (DFA),3,Kenya,0,1,1,1,1,1
1908,ewanyonyi,Dr. Edna Wanyonyi,0722297407,6,Dairy Farm Assistant (DFA),3,Kenya,0,1,1,1,1,1
1909,cmasheti,Dr Collince Masheti,0718487148,6,Dairy Farm Assistant (DFA),3,Kenya,0,1,1,1,1,1
1910,bramweletiang,Bramwel Etiang',0728776549,4,AI Technician,3,Kenya,0,1,1,1,1,1
1911,oscarnandwa,Oscar Nandwa,0722651423,4,AI Technician,3,Kenya,0,1,1,1,1,1
1912,akchikamali,Ann Kafuna Chikamali,0729980120,4,AI Technician,3,Kenya,0,1,1,1,1,1
1913,indege,Isaac Ndege,0720259721,4,AI Technician,3,Kenya,0,1,1,1,1,1
1914,bwafula,Benard Wafula,0723882351,4,AI Technician,3,Kenya,0,1,1,1,1,1
1915,snyaanga,Samuel Nyaanga,0727741958,4,AI Technician,3,Kenya,0,1,1,1,1,1
1916,lmnyabuto,Lilian M. Nyabuto,0703427066,4,AI Technician,3,Kenya,0,1,1,1,1,1
1917,rongwae,Dr. Ongwae Richard,0710154223,6,Dairy Farm Assistant (DFA),3,Kenya,0,1,1,1,1,1
1918,fchabuka,Dr. Chabuka Fredrick,0720731690,6,Dairy Farm Assistant (DFA),3,Kenya,0,1,1,1,1,1
1919,pbarasa,Peter Barasa,0724390434,4,AI Technician,3,Kenya,0,1,1,1,1,1
1920,janyabwari,John Arori Nyabwari,0720250239,4,AI Technician,3,Kenya,0,1,1,1,1,1
1922,johnnyabwari,John Arori Nyabwari,0720250239,4,AI Technician,3,Kenya,0,1,1,1,1,1
1923,samanya,Samuel Amanya,0716758484,4,AI Technician,3,Kenya,0,1,1,1,1,1
1924,ynyabuti,Yonah Nyabuti,0711278118,4,AI Technician,3,Kenya,0,1,1,1,1,1
1925,jmmomanyi,Job Momanyi Kombo,0717235341,4,AI Technician,3,Kenya,0,1,1,1,1,1
1926,bonfasogonya,Bonfas Ogonya,0716210499,6,Dairy Farm Assistant (DFA),3,Kenya,0,1,1,1,1,1
1927,ewebstar,Evelia Webstar,0714124871,6,Dairy Farm Assistant (DFA),3,Kenya,0,1,1,1,1,1
1928,hempstoneamudava,Hempstone Amudava,0719333483,6,Dairy Farm Assistant (DFA),3,Kenya,0,1,1,1,1,1
1929,mwaluashe,Mathew Waluashe,0723948321,6,Dairy Farm Assistant (DFA),3,Kenya,0,1,1,1,1,1
1930,vnyangau,Vincent Nyang'au,0710521942,4,AI Technician,3,Kenya,0,1,1,1,1,1
1931,jorori,Dr. Orori Josiah,0716746634,6,Dairy Farm Assistant (DFA),3,Kenya,0,1,1,1,1,1
1932,jmsimiyu,Dr. Mwembe Job Simiyu,0721621171,6,Dairy Farm Assistant (DFA),3,Kenya,0,1,1,1,1,1
1933,iochoki,Ochoki Isaac,0714070720,4,AI Technician,3,Kenya,0,1,1,1,1,1
1934,hoonduso,Dr Hosea Ondari Onduso,0723959725,6,Dairy Farm Assistant (DFA),3,Kenya,0,1,1,1,1,1
1935,kmboaz,Dr. Kimenge M. Boaz,0746969287,6,Dairy Farm Assistant (DFA),3,Kenya,0,1,1,1,1,1
1936,eabwire,Enock Abwire,0729925230,4,AI Technician,3,Kenya,0,1,1,1,1,1
1937,hokeya,Hadson O. Keya,0701345880,4,AI Technician,3,Kenya,0,1,1,1,1,1
1938,pclugonzo,Dr. Peter C. Lugonzo,0702618925,6,Dairy Farm Assistant (DFA),3,Kenya,0,1,1,1,1,1
1939,eliudkapkomu,Eliud Kapkomu,0726844633,6,Dairy Farm Assistant (DFA),3,Kenya,0,1,1,1,1,1
1940,jgathungu,Dr. Joseph Gathungu,0722766843,6,Dairy Farm Assistant (DFA),3,Kenya,0,1,1,1,1,1
1941,edwinwepukhulu,Edwin Wepukhulu,0711771988,6,Dairy Farm Assistant (DFA),3,Kenya,0,1,1,1,1,1
1942,emululu,Mululu Ezakier,0710668128,6,Dairy Farm Assistant (DFA),3,Kenya,0,1,1,1,1,1
1943,saumumakungu,Saumu Makungu,0700250055,6,Dairy Farm Assistant (DFA),3,Kenya,0,1,1,1,1,1
1944,jsikiri,Jackline Sikiri,0713010546,4,AI Technician,3,Kenya,0,1,1,1,1,1
1945,ptuwei,Dr. Tuwei Philip,0721832122,6,Dairy Farm Assistant (DFA),3,Kenya,0,1,1,1,1,1
1946,pmmabyi,Paul MMbayi,0704236473,4,AI Technician,3,Kenya,0,1,1,1,1,1
1947,bswanyama,Benson Simbi Wanyama,0720016577,4,AI Technician,3,Kenya,0,1,1,1,1,1
1948,pootieno,Peter Okoth Otieno,0741048857,4,AI Technician,3,Kenya,0,1,1,1,1,1
1949,enwaluse,Eliud N. Waluse,0711657429,6,Dairy Farm Assistant (DFA),3,Kenya,0,1,1,1,1,1
1950,salomemaboni,Salome Maboni,0726914300,6,Dairy Farm Assistant (DFA),3,Kenya,0,1,1,1,1,1
1951,laurenceochieng,Laurence Ochieng,0724554055,6,Dairy Farm Assistant (DFA),3,Kenya,0,1,1,1,1,1
1952,aamillan,Dr Argwings Acholla Millan,0720848109,6,Dairy Farm Assistant (DFA),3,Kenya,0,1,1,1,1,1
1953,jowade,Julius Owade,0722675890,6,Dairy Farm Assistant (DFA),3,Kenya,0,1,1,1,1,1
1954,florenceadoyo,Florence Adoyo,0725684874,6,Dairy Farm Assistant (DFA),3,Kenya,0,1,1,1,1,1
1955,baluda,Brenda Aluda,0110158401,6,Dairy Farm Assistant (DFA),3,Kenya,0,1,1,1,1,1
1956,Gnzalalila,Golden Nzalalila,629131094,4,AI Technician,2,Tanzania,0,1,1,1,1,1
1957,syake,Seth Yake,0712345678,6,Dairy Farm Assistant (DFA),3,Kenya,0,1,1,1,1,1
1958,mohato,Michael Ohato,0789786756,6,Dairy Farm Assistant (DFA),3,Kenya,0,1,1,1,1,1
1959,fejiruj,Fejiru Jemal,0916737033,3,Enumerator,1,Ethiopia,0,1,1,1,1,1
1964,jlenjo,Joyce Lenjo,0714566661,6,Dairy Farm Assistant (DFA),3,Kenya,0,1,1,1,1,1
1965,pmwaisakenyi,Patrcik Mwaisakenyi,0716221960,6,Dairy Farm Assistant (DFA),3,Kenya,0,1,1,1,1,1
1966,bkivuva,Bernard Kivuva,0712211036,6,Dairy Farm Assistant (DFA),3,Kenya,0,1,1,1,1,1
1967,tkasimba,Timothy Kasimba,0729059759,6,Dairy Farm Assistant (DFA),3,Kenya,0,1,1,1,1,1
1968,bowambua,Bonface Wambua,0707633574,6,Dairy Farm Assistant (DFA),3,Kenya,0,1,1,1,1,1
1969,momollo,Michael Omollo,0712543432,6,Dairy Farm Assistant (DFA),3,Kenya,0,1,1,1,1,1
1970,Jeremiah,Jeremiah J Temu,784446229,5,Office Staff,2,Tanzania,0,1,1,1,1,1
1971,pmghosi,Peter Mjawasi Mghosi,0710308024,6,Dairy Farm Assistant (DFA),3,Kenya,0,1,1,0,0,1
1972,rmwashighadi,Ronald Mchana Mwashighadi,0725649382,4,AI Technician,3,Kenya,0,1,1,0,0,1
1973,dmshila,Daftone Mwambai Mshila,0717017877,4,AI Technician,3,Kenya,0,1,1,0,0,1
1974,wmwalimo,Wilfred Mwalimo,0722309055,4,AI Technician,3,Kenya,0,1,1,0,0,1
1975,fmnyika,Fulgence Mwarongo Mnyika,0718370965,4,AI Technician,3,Kenya,0,1,1,0,0,1
1976,wmaghanga,Wallace Mwawasi Maghanga,0707662881,4,AI Technician,3,Kenya,0,1,1,0,0,1
1977,rmwasaru,Remmy Mwandime Mwasaru,0714278211,4,AI Technician,3,Kenya,0,1,1,0,0,1
1978,dmwalugho,Dorothy Wakio Mwalugho,0727529670,4,AI Technician,3,Kenya,0,1,1,0,0,1
1979,smkala,Stephen Kuwona Mkala,0705647656,4,AI Technician,3,Kenya,0,1,1,0,0,1
1980,jkichengela,Jemimah Mdaa Kichengela,0707144376,4,AI Technician,3,Kenya,0,1,1,0,0,1
1981,dmaghenyi,David Wameri Maghenyi,0713236132,4,AI Technician,3,Kenya,0,1,1,0,0,1
1982,fmzame,Francis Mwashighadi Mzame,0722650335,4,AI Technician,3,Kenya,0,1,1,0,0,1
1983,akemboi,Alex Kipkorir Kemboi,0725425026,4,AI Technician,3,Kenya,0,1,1,0,0,1
1984,dmwachola,Derrick Righa Mwachola,0712450170,4,AI Technician,3,Kenya,0,1,1,0,0,1
1985,pmwalugha,Paul Mwaghania Mwalugha,0727695373,4,AI Technician,3,Kenya,0,1,1,0,0,1
1986,dboli,Dan Mzenge Boli,0736293704,4,AI Technician,3,Kenya,0,1,1,0,0,1
1987,hmbogho,Herman Mwajombo Mbogho,0714781158,4,AI Technician,3,Kenya,0,1,1,0,0,1
1988,mmichael,Mwikali Michael,0741868374,3,Enumerator,3,Kenya,0,1,1,0,0,1
1989,lmuli,Lena Muli,0702718971,3,Enumerator,3,Kenya,0,1,1,0,0,1
1994,ygetu,Getu yeshitila,ygetu,3,Enumerator,1,Ethiopia,0,1,1,1,1,1
1995,Mekuria,Mekuria,0910954840,3,Enumerator,1,Ethiopia,0,1,1,1,1,1
1996,amezegebu,Mezegu Asemero,0913090814,3,Enumerator,1,Ethiopia,0,1,1,1,1,1
2000,Agatha,Agatha,756409299,5,Office Staff,2,Tanzania,1,1,1,1,1,1
2002,besufekad,Besufekad Jufar,0911113752,5,Office Staff,1,Ethiopia,1,1,1,1,1,1
2005,Barnet,Barnet Abayo,Uganda,1,Data Manager,6,Uganda,1,1,1,1,1,1
2006,julie_tz,Julie Ojango,2323,1,Data Manager,2,Tanzania,1,1,1,1,1,1
2007,julie_et,Julie Ojango,2323,1,Data Manager,1,Ethiopia,1,1,1,1,1,1
2008,julie_ke,Julie Ojango,2323,1,Data Manager,3,Kenya,1,1,1,1,1,1
2009,j.gitau,Jennifer Gitau,2323,1,Data Manager,3,Kenya,1,1,1,1,1,1
2012,TALIRIUYOLE,TALIRI UYOLE,5555,3,Enumerator,2,Tanzania,0,1,1,1,1,1
2014,Eunicelagat,Eunice Jepchirchir,29017403,6,Dairy Farm Assistant (DFA),3,Kenya,0,1,1,1,1,1
2015,consevabiwott,Conseva Biwott,jeptarus,6,Dairy Farm Assistant (DFA),3,Kenya,0,1,1,1,1,1
2016,danielkibiwott,kibiwott daniel,33852328,6,Dairy Farm Assistant (DFA),3,Kenya,0,1,1,1,1,1
2017,peulah,peulah jepkosgei,32881711,6,Dairy Farm Assistant (DFA),3,Kenya,0,1,1,1,1,1
2018,rose,rose jerop,28347966,6,Dairy Farm Assistant (DFA),3,Kenya,0,1,1,1,1,1
2019,everlyne,everlyne jepchumba,31455863,6,Dairy Farm Assistant (DFA),3,Kenya,0,1,1,1,1,1
2020,dick,dickson yego,Lego,6,Dairy Farm Assistant (DFA),3,Kenya,0,1,1,1,1,1
2021,moro,john kipruto moro,23112666,6,Dairy Farm Assistant (DFA),3,Kenya,0,1,1,1,1,1
2022,jano,jemesunde janeth,26735823,6,Dairy Farm Assistant (DFA),3,Kenya,1,1,1,1,1,1
2023,Emmanuel Maturo,Emmanuel Maturo,Zulferoz1234,3,Enumerator,2,Tanzania,0,1,1,1,1,1
2024,TALIRI TANGA,TALIRI TANGA,4444,3,Enumerator,2,Tanzania,0,1,1,1,1,1
2025,MRUAZI,MRUAZI FARM,8888,3,Enumerator,2,Tanzania,0,1,1,1,1,1
2026,Joan,Joan Sugut,23565351,6,Dairy Farm Assistant (DFA),3,Kenya,1,1,1,1,1,1
2028,Iringa District Council,Iringa District Council,IringaDC,3,Enumerator,2,Tanzania,0,1,1,1,1,1
2029,Iringa Municipal Council,Iringa Municipal Council,IringaMC,3,Enumerator,2,Tanzania,0,1,1,1,1,1
2030,Mafinga Town Council,Mafinga Town Council,MafingaTC,3,Enumerator,2,Tanzania,0,1,1,1,1,1
2031,Mufindi District Council,Mufindi District Council,MufindiDC,3,Enumerator,2,Tanzania,0,1,1,1,1,1
2033,Sivat,Sivat Agribusiness Limited,9999,3,Enumerator,2,Tanzania,0,1,1,1,1,1
2034,William,William Karol William,717028717,3,Enumerator,2,Tanzania,0,1,1,1,1,1
2035,Kilacha,Kilacha Farm,1212,3,Enumerator,2,Tanzania,0,1,1,1,1,1
2039,Christopher,MUKASA Christopher,Admin,1,Data Manager,6,Uganda,1,1,1,1,1,1
2040,Jabes,Yusuf Jabes,0366,1,Data Manager,3,Kenya,1,1,1,1,1,1
2041,Arusha City Council,Arusha City Council,ArushaCC,1,Data Manager,2,Tanzania,0,1,1,1,1,1
2042,Arusha District Council,Arusha District Council,ArushaDC,1,Data Manager,2,Tanzania,0,1,1,1,1,1
2043,Meru District Council,Meru District Council,MeruDC,1,Data Manager,2,Tanzania,0,1,1,1,1,1
2044,Njombe District Council,Njombe District Council,NjombeDC,1,Data Manager,2,Tanzania,0,1,1,1,1,1
2045,Njombe Town Council,Njombe Town Council,NjombeTC,3,Enumerator,2,Tanzania,0,1,1,1,1,1
2046,Makambako Town Council,Makambako Town Council,MakambakoTC,1,Data Manager,2,Tanzania,0,1,1,1,1,1
2047,Mbeya City Council,Mbeya City Council,MbeyaCC,1,Data Manager,2,Tanzania,0,1,1,1,1,1
2048,Mbeya District Council,Mbeya District Council,MbeyaDC,1,Data Manager,2,Tanzania,0,1,1,1,1,1
2049,Rungwe District Council,Rungwe District Council,RungweDC,1,Data Manager,2,Tanzania,0,1,1,1,1,1
2050,Mbozi District Council,Mbozi District Council,MboziDC,1,Data Manager,2,Tanzania,0,1,1,1,1,1
2051,Hai District Council,Hai District Council,HaiDC,1,Data Manager,2,Tanzania,0,1,1,1,1,1
2052,Siha District Council,Siha District Council,SihaDC,1,Data Manager,2,Tanzania,0,1,1,1,1,1
2053,Rombo District Council,Rombo District Council,RomboDC,1,Data Manager,2,Tanzania,0,1,1,1,1,1
2054,Moshi Rural District Council,Moshi Rural District Council,MoshiDC,1,Data Manager,2,Tanzania,0,1,1,1,1,1
2055,Korogwe District Council,Korogwe District Council,KorogweDC,1,Data Manager,2,Tanzania,0,1,1,1,1,1
2056,Korogwe Town Council,Korogwe Town Council,KorogweTC,1,Data Manager,2,Tanzania,0,1,1,1,1,1
2057,Lushoto District Council,Lushoto District Council,LushotoDC,1,Data Manager,2,Tanzania,0,1,1,1,1,1
2058,Muheza District Council,Muheza District Council,MuhezaDC,1,Data Manager,2,Tanzania,0,1,1,1,0,1
2062,b.kivuva,Benard Kivuva,0713116726,1,Data Manager,3,Kenya,0,1,1,1,1,1
2063,Tanga City Council,Tanga City Council,TangaCC,1,Data Manager,2,Tanzania,0,1,1,1,1,1
2064,benardwambua,Benard Kivuva Wambua,wambua20,6,Dairy Farm Assistant (DFA),3,Kenya,0,1,1,1,1,1
2066,b.w.kivuva,BENARD WAMBUA KIVUVA,benard,6,Dairy Farm Assistant (DFA),3,Kenya,0,1,1,1,1,1
2069,PSaitoti,Peter Saitoti,0720966906,6,Dairy Farm Assistant (DFA),3,Kenya,0,1,1,1,1,1
2071,WKipeno,Wilson Kipeno,0719632277,6,Dairy Farm Assistant (DFA),3,Kenya,0,1,1,1,1,1
2072,Lydia,Lydia Namoo,0712424713,6,Dairy Farm Assistant (DFA),3,Kenya,0,1,1,1,1,1
2073,Emlaki,Edger Emmanuel Mlaki,768943132,4,AI Technician,2,Tanzania,0,1,1,1,1,1
2074,pmwaura,Paul Mwaura,0746993787,6,Dairy Farm Assistant (DFA),3,Kenya,0,1,1,1,1,1
2076,OTUNI,ALEX S OTUNI,0727989528,6,Dairy Farm Assistant (DFA),3,Kenya,0,1,1,1,1,1
2077,LEMEIN,RIAMET LEMEIN,0723433715,6,Dairy Farm Assistant (DFA),3,Kenya,0,1,1,1,1,1
2078,Kasaine,Kishoyian Kasaine,0740326033,6,Dairy Farm Assistant (DFA),3,Kenya,0,1,1,1,1,1
2079,Saibulu,Mathias Saibulu Gaddiel,0728048845,6,Dairy Farm Assistant (DFA),3,Kenya,0,1,1,1,1,1
2080,Nkeyasha,Gideon Nkeyasha,0780894268,6,Dairy Farm Assistant (DFA),3,Kenya,0,1,1,1,1,1
2083,jobkibitok,Job Kibitok,0725605035,6,Dairy Farm Assistant (DFA),3,Kenya,0,1,1,1,1,1
2099,tecla,tecla mutheu kasyoki,222333,6,Dairy Farm Assistant (DFA),3,Kenya,1,1,1,1,1,1
2100,S.Kimeu,SIMON  KATISYA. KIMEU,0727249464,6,Dairy Farm Assistant (DFA),3,Kenya,0,1,1,1,1,1
2101,kasimba,Timothy Venge Kasimba,20171295,6,Dairy Farm Assistant (DFA),3,Kenya,0,1,1,1,1,1
2102,doriskingoo,Doris mukei king'oo,novastar,6,Dairy Farm Assistant (DFA),3,Kenya,0,1,1,1,1,1
2103,Francis,Francis Mothianimusyimi,22821605,6,Dairy Farm Assistant (DFA),3,Kenya,0,1,1,1,1,1
2104,Kioko,urbanus Kisyula Kioko,25403710,6,Dairy Farm Assistant (DFA),3,Kenya,0,1,1,1,1,1
2109,Jack,Jackson Samuria,1234,6,Dairy Farm Assistant (DFA),3,Kenya,0,1,1,1,1,1
2110,Timayio,Timayio Parsimei,3222,6,Dairy Farm Assistant (DFA),3,Kenya,0,1,1,1,1,1
2111,LAWRENCE,Nalengoyo Lawrence Laanoi,30942129,6,Dairy Farm Assistant (DFA),3,Kenya,0,1,1,1,1,1
2114,MMbega,Morrice Wilson Mbega,713293987,4,AI Technician,2,Tanzania,0,1,1,1,1,1
2115,ALema,Ajuae Thomas Lema,713668294,4,AI Technician,2,Tanzania,0,1,1,1,1,1
2116,EMollel,Emmanuel Philipo Mollel,753851742,4,AI Technician,2,Tanzania,0,1,1,1,1,1
2117,P.Mburu,Peter Mburu,rptc2022,6,Dairy Farm Assistant (DFA),3,Kenya,0,1,1,1,1,1
2127,Hartmut,Hartmut Rottcher,629323231,1,Data Manager,2,Tanzania,0,1,1,1,1,1
2128,jmwabili,Josephine Mwabili,5555,6,Dairy Farm Assistant (DFA),3,Kenya,1,1,1,1,1,1
2129,Pmwanzilo,Paul k. Mwanzilo,0722581946,2,Field Co-Ordinator,3,Kenya,1,0,1,0,0,1
2130,M.Richard,Richard Mutet,0710725336,6,Dairy Farm Assistant (DFA),3,Kenya,0,1,1,1,1,1
2131,J.Kasenge,Jimmy Kasenge,0720125267,6,Dairy Farm Assistant (DFA),3,Kenya,0,1,1,1,1,1
2132,bitok,Samson Kiprugut Bitok,5586785,6,Dairy Farm Assistant (DFA),3,Kenya,0,1,1,1,1,1
2133,Sein,Joseph Ole Sein,11587174,6,Dairy Farm Assistant (DFA),3,Kenya,0,1,1,1,1,1
2134,shadrack,Shadrack Kipyego,0702000648,6,Dairy Farm Assistant (DFA),3,Kenya,0,1,1,1,1,1
2135,kirwa,Stephen Kirwa Chirchir,0724288892,6,Dairy Farm Assistant (DFA),3,Kenya,0,1,1,1,1,1
2137,nicholas,Nicholas Mwangangi,0791033274,6,Dairy Farm Assistant (DFA),3,Kenya,0,1,1,1,1,1
2140,Hillary,Hillary Tum,0727075058,6,Dairy Farm Assistant (DFA),3,Kenya,0,1,1,1,1,1
2141,Joseph,Joseph Kiprotich Bitok,0714865580,6,Dairy Farm Assistant (DFA),3,Kenya,0,1,1,1,1,1
2142,Enock,Enock Korir,0728254281,6,Dairy Farm Assistant (DFA),3,Kenya,0,1,1,1,1,1
2144,Gladys,Gladys Jeruto,0717221161,6,Dairy Farm Assistant (DFA),3,Kenya,0,1,1,1,1,1
2145,Eliud,Eliud Kipkirui Ketter,0720929656,6,Dairy Farm Assistant (DFA),3,Kenya,0,1,1,1,1,1
2146,Cheptoo,Lilian Cheptoo,0716660897,6,Dairy Farm Assistant (DFA),3,Kenya,0,1,1,1,1,1
2147,TApollo,Apollo Tweshengyereze,8694,6,Dairy Farm Assistant (DFA),6,Uganda,0,1,1,1,1,1
2148,Guardson,Muhairwe Guardson,6823,6,Dairy Farm Assistant (DFA),6,Uganda,0,1,1,1,1,1
2149,KJolly,Kalema Jolly,3142,6,Dairy Farm Assistant (DFA),6,Uganda,0,1,1,1,1,1
2150,MMayanja, Moses,0302,6,Dairy Farm Assistant (DFA),6,Uganda,0,1,1,1,1,1
2151,Wasenda,Wasenda Robert,4201,6,Dairy Farm Assistant (DFA),6,Uganda,0,1,1,1,1,1
2152,Kimbowa,Kimbowa Dickson,4389,6,Dairy Farm Assistant (DFA),6,Uganda,0,1,1,1,1,1
2153,Ssemujju,Davis Ssemujju,1169,6,Dairy Farm Assistant (DFA),6,Uganda,0,1,1,1,1,1
2154,YMuwonge,Yasin Muwonge,0611,6,Dairy Farm Assistant (DFA),6,Uganda,0,1,1,1,1,1
2155,Tebesigwa,Daniel Tebesigwa,7436,6,Dairy Farm Assistant (DFA),6,Uganda,0,1,1,1,1,1
2156,Nuwagaba,Ambrose Nuwagaba,9981,6,Dairy Farm Assistant (DFA),6,Uganda,0,1,1,1,1,1
2157,Norman,Nasasira Norman,1784,6,Dairy Farm Assistant (DFA),6,Uganda,0,1,1,1,1,1
2158,Ronald,Ronald Mujuzi,8627,6,Dairy Farm Assistant (DFA),6,Uganda,0,1,1,1,1,1
2159,Thomas,Thomas Kaaku,0513,6,Dairy Farm Assistant (DFA),6,Uganda,0,1,1,1,1,1
2160,Moses,Moses Kyazze,9649,6,Dairy Farm Assistant (DFA),6,Uganda,0,1,1,1,1,1
2161,Lubega,Joseph Lubega,1823,6,Dairy Farm Assistant (DFA),6,Uganda,0,1,1,1,1,1
2165,kkifle,Kifle Kinta,kkifle,3,Enumerator,1,Ethiopia,0,1,1,1,1,1
2166,gmeskerem,Meskerem Gio,gmeskerem,3,Enumerator,1,Ethiopia,0,1,1,1,1,1
2173,shailu,Hailu Solomon,0916970253,3,Enumerator,1,Ethiopia,0,0,1,1,1,1
2176,Tixon Mzunda,Tixon Mzunda,715918948,5,Office Staff,2,Tanzania,0,1,1,1,1,1
2191,Benson,BENSON STIVIN KIHANGA, 754370930,3,Enumerator,2,Tanzania,0,1,1,1,1,1
2194,Nepal,Nepal,12345,6,Dairy Farm Assistant (DFA),7,Nepal,1,1,1,1,1,1
