country_code,region_code,region_name
2,1000,Arusha
2,1001,Dar es Salaam
2,1002,Geita
2,1003,Iringa
2,1004,Kagera
2,1005,Kilimanjaro
2,1006,Mara
2,1007,Mbeya
2,1008,Morogoro
2,1009,Mwanza
2,1010,Njombe
2,1011,Pwani
2,1012,Shinyanga
2,1013,Simiyu
2,1014,Tanga
3,1000,Bungoma
3,1001,Busia
3,1002,Homa Bay
3,1003,Kakamega
3,1004,Kisii
3,1005,Kisumu
3,1006,Kitui
3,1007,Makueni
3,1008,Migori
3,1009,Siaya
3,1010,Taita Taveta
3,1011,Vihiga
1,1,Amhara
1,2,Oromia
1,3,SNNP
1,4,Tigray
1,5,Addis ababa
5,1,Upper Plateau
5,2,Lower Plateau
5,3,Flood Plain
2,1015,Dodoma
4,29,Osun
3,1012,Nandi County
6,1000,ALBERTINE
6,1001,CENTRAL NORTH
6,1002,CENTRAL SOUTH
6,1003,EASTERN
6,1004,ELGON
6,1005,KAMPALA
6,1006,KARAMOJA
6,1007,KIIRA
6,1008,MID WEST
6,1009,NORTHERN
6,1010,SOUTH WEST
6,1011,WEST NILE
3,1013,Kilifi
3,1014,Narok
3,9993,Kajiado
1,6,Sidama
4,19,Kano
4,37,FCT
4,7,Benue
4,34,Taraba
1,7,SWEPR
1,24184,Unknown
3,24185,Unknown
2,24186,Unknown
6,24187,Unknown
4,30,Oyo
3,26189,Baringo
3,code,Nakuru
4,2,Adamawa
3,26684,Uasin Gishu
3,26685,Ainabkoi
3,26686,Kapseret
3,26687,Kesses
3,26688,Moiben
3,26689,Soy
3,26690,Turbo
3,26721,Nyandarua
4,20,Kastina
7,1,Koshi province
7,2,Madhesh province
7,3,Bagmati province
7,4,Gandaki province
7,5,Lumbini province
7,6,Karnali province
7,7,Sudurpashchim province
4,1,Abia
