country_code,zone_code,ward_code,ward_name
2,1000,1000,Baraa
2,1000,1001,Daraja 2
2,1000,1002,Elerai
2,1000,1003,Engutoto
2,1000,1004,Kaloleni
2,1000,1005,Kimandolu
2,1000,1006,Lemara
2,1000,1007,Levolosi
2,1000,1008,Moivaro
2,1000,1009,Moshono
2,1000,1010,Muriet
2,1000,1011,Ngarenaro
2,1000,1012,Olasiti
2,1000,1013,Olmoti
2,1000,1014,Oloirieni
2,1000,1015,Sakina
2,1000,1016,Sekei
2,1000,1017,Sokon I
2,1000,1018,Sombetini
2,1000,1019,Terrat
2,1000,1020,Themi
2,1000,1021,Unga Ltd
2,1001,1022,Bangata
2,1001,1023,Bwawani
2,1001,1024,Ilkiding'a
2,1001,1025,Kimnyaki
2,1001,1026,Kiranyi
2,1001,1027,Kisongo
2,1001,1028,Mateves
2,1001,1029,Mlangarini
2,1001,1030,Moivo
2,1001,1031,Mussa
2,1001,1032,Mwandeti
2,1001,1033,Oldonyosambu
2,1001,1034,Oljoro
2,1001,1035,Olkokola
2,1001,1036,Olmotonyi
2,1001,1037,Olorieni
2,1001,1038,Oltoroto
2,1001,1039,Oltrumet
2,1001,1040,Sambasha
2,1001,1041,Sokon II
2,1002,1042,Akheri
2,1002,1043,Kikatiti
2,1002,1044,Kikwe
2,1002,1045,King'ori
2,1002,1046,Leguruki
2,1002,1047,Maji ya Chai
2,1002,1048,Makiba
2,1002,1049,Maroroni
2,1002,1050,Mbuguni
2,1002,1051,Ngarenanyuki
2,1002,1052,Nkoanrua
2,1002,1053,Nkoaranga
2,1002,1054,Nkoarisambu
2,1002,1055,Poli
2,1002,1056,Seela Sing'isi
2,1002,1057,Songoro
2,1002,1058,Usa River
2,1003,1059,Buguruni
2,1003,1060,Chanika
2,1003,1061,Gerezani
2,1003,1062,Gongo la Mboto
2,1003,1063,Ilala
2,1003,1064,Jangwani
2,1003,1065,Kariakoo
2,1003,1066,Kimanga
2,1003,1067,Kinyerezi
2,1003,1068,Kipawa
2,1003,1069,Kisutu
2,1003,1070,Kitunda
2,1003,1071,Kivukoni
2,1003,1072,Kivule
2,1003,1073,Kiwalani
2,1003,1074,Majohe
2,1003,1075,Mchafukoge
2,1003,1076,Mchikichini
2,1003,1077,Msongola
2,1003,1078,Pugu
2,1003,1079,Segerea
2,1003,1080,Tabata
2,1003,1081,Ukonga
2,1003,1082,Upanga Mashariki
2,1003,1083,Vingunguti
2,1004,1084,Bunju
2,1004,1085,Goba
2,1004,1086,Hananasif
2,1004,1087,Kawe
2,1004,1088,Kibamba
2,1004,1089,Kigogo
2,1004,1090,Kijitonyama
2,1004,1091,Kimara
2,1004,1092,Kinondoni
2,1004,1093,Kunduchi
2,1004,1094,Kwembe
2,1004,1095,Mabibo
2,1004,1096,Mabwepande
2,1004,1097,Magomeni
2,1004,1098,Makongo
2,1004,1099,Makuburi
2,1004,1100,Makumbusho
2,1004,1101,Makurumla
2,1004,1102,Manzese
2,1004,1103,Mbezi juu
2,1004,1104,Mburahati
2,1004,1105,Mbweni
2,1004,1106,Mikocheni
2,1004,1107,Msigani
2,1004,1108,Mwananyamala
2,1004,1109,Mzimuni
2,1004,1110,Ndugumbi
2,1004,1111,Saranga
2,1004,1112,Sinza
2,1004,1113,Tandale
2,1004,1114,Ubungo
2,1004,1115,Wazo
2,1005,1116,Azimio
2,1005,1117,Buza
2,1005,1118,Chamazi
2,1005,1119,Chang'ombe
2,1005,1120,Charambe
2,1005,1121,Keko
2,1005,1122,Kibada
2,1005,1123,Kiburugwa
2,1005,1124,Kigamboni
2,1005,1125,Kijichi
2,1005,1126,Kilakala
2,1005,1127,Kimbiji
2,1005,1128,Kisarawe II
2,1005,1129,Kurasini
2,1005,1130,Makangarawe
2,1005,1131,Mbagala
2,1005,1132,Mbagala kuu
2,1005,1133,Mianzini
2,1005,1134,Miburani
2,1005,1135,Mtoni
2,1005,1136,Pembamnazi
2,1005,1137,Sandali
2,1005,1138,Somangila
2,1005,1139,Tandika
2,1005,1140,Temeke
2,1005,1141,Toangoma
2,1005,1142,Tungi
2,1005,1143,Vijibweni
2,1005,1144,Yombo vituka
2,1006,1145,Bugelenga
2,1006,1146,Bukombe
2,1006,1147,Busonzo
2,1006,1148,Butinzya
2,1006,1149,Igulwa
2,1006,1150,Iyogelo
2,1006,1151,Lyambamgongo
2,1006,1152,Namonge
2,1006,1153,Ng'anzo
2,1006,1154,Runzewe Magharibi
2,1006,1155,Runzewe Mashariki
2,1006,1156,Ushirombo
2,1006,1157,Uyovu
2,1007,1158,Bukome
2,1007,1159,Buseresere
2,1007,1160,Butengorumasa
2,1007,1161,Buziku
2,1007,1162,Bwanga
2,1007,1163,Bwera
2,1007,1164,Bwina
2,1007,1165,Bwongera
2,1007,1166,Chato
2,1007,1167,Ichwankima
2,1007,1168,Ilyamchele
2,1007,1169,Iparamasa
2,1007,1170,Kachwamba
2,1007,1171,Kasenga
2,1007,1172,Katende
2,1007,1173,Kigongo
2,1007,1174,Makurugusi
2,1007,1175,Muungano
2,1007,1176,Nyamirembe
2,1007,1177,Nyarutembo
2,1008,1178,Bugalama
2,1008,1179,Bugulula
2,1008,1180,Bujula
2,1008,1181,Bukoli
2,1008,1182,Bukondo
2,1008,1183,Bulela
2,1008,1184,Bung'wangoko
2,1008,1185,Busanda
2,1008,1186,Butobela
2,1008,1187,Chigunga
2,1008,1188,Ihanamilo
2,1008,1189,Isulwabutundwe
2,1008,1190,Kagu
2,1008,1191,Kakubilo
2,1008,1192,Kalangalala
2,1008,1193,Kamena
2,1008,1194,Kamhanga
2,1008,1195,Kasamwa
2,1008,1196,Kaseme
2,1008,1197,Katoro
2,1008,1198,Lubanga
2,1008,1199,Lwamgasa
2,1008,1200,Lwezera
2,1008,1201,Mtakuja
2,1008,1202,Nkome
2,1008,1203,Nyachiluluma
2,1008,1204,Nyakagomba
2,1008,1205,Nyakamwaga
2,1008,1206,Nyamalimbe
2,1008,1207,Nyamigota
2,1008,1208,Nyanguku
2,1008,1209,Nyarugusu
2,1008,1210,Nzera
2,1008,1211,Senga
2,1009,1212,Bukandwe
2,1009,1213,Ikobe
2,1009,1214,Ikunguigazi
2,1009,1215,Ilolangulu
2,1009,1216,Iponya
2,1009,1217,Isebya
2,1009,1218,Lugunga
2,1009,1219,Lulembela
2,1009,1220,Masumbwe
2,1009,1221,Mbogwe
2,1009,1222,Nanda
2,1009,1223,Ngemo
2,1009,1224,Ng'homolwa
2,1009,1225,Nyakafulu
2,1009,1226,Nyasato
2,1009,1227,Ushirika
2,1010,1228,Bukwimba
2,1010,1229,Busolwa
2,1010,1230,Izunya
2,1010,1231,Kafita
2,1010,1232,Kakora
2,1010,1233,Kharumwa
2,1010,1234,Mwingiro
2,1010,1235,Nyabulanda
2,1010,1236,Nyang'hwale
2,1010,1237,Nyijundu
2,1010,1238,Nyugwa
2,1010,1239,Shabaka
2,1011,1240,Idodi
2,1011,1241,Ifunda
2,1011,1242,Ilolo Mpya
2,1011,1243,Itunundu
2,1011,1244,Izazi
2,1011,1245,Kalenga
2,1011,1246,Kihorogota
2,1011,1247,Kiwere
2,1011,1248,Luhota
2,1011,1249,Lumuli
2,1011,1250,Maboga
2,1011,1251,Maguliwa
2,1011,1252,Mahuninga
2,1011,1253,Malenga Makali
2,1011,1254,Mgama
2,1011,1255,Migoli
2,1011,1256,Mlenge
2,1011,1257,Mlowa
2,1011,1258,Mseke
2,1011,1259,Nduli
2,1011,1260,Nyang'oro
2,1011,1261,Nzihi
2,1011,1262,Ulanda
2,1011,1263,Wasa
2,1012,1264,Gangilonga
2,1012,1265,Ilala
2,1012,1266,Isakalilo
2,1012,1267,Kihesa
2,1012,1268,Kitanzini
2,1012,1269,Kitwiru
2,1012,1270,Kwakilosa
2,1012,1271,Makorongoni
2,1012,1272,Mivinjeni
2,1012,1273,Mkwawa
2,1012,1274,Mlandege
2,1012,1275,Mshindo
2,1012,1276,Mtwivila
2,1012,1277,Mwangata
2,1012,1278,Nduli
2,1012,1279,Ruaha
2,1013,1280,Boma la Ng'ombe
2,1013,1281,Dabaga
2,1013,1282,Ibumu
2,1013,1283,Idete
2,1013,1284,Ihimbo
2,1013,1285,Ilula
2,1013,1286,Image
2,1013,1287,Irole
2,1013,1288,Kimala
2,1013,1289,Lugalo
2,1013,1290,Mahenge
2,1013,1291,Mlafu
2,1013,1292,Mtitu
2,1013,1293,Ng'ang'ange
2,1013,1294,Ng'uruhe
2,1013,1295,Nyalumbu
2,1013,1296,Udekwa
2,1013,1297,Uhambingeto
2,1013,1298,Ukumbi
2,1013,1299,Ukwega
2,1014,1300,Boma
2,1014,1301,Kinyanambo
2,1014,1302,Sao hill
2,1014,1303,Bumilayinga
2,1015,1304,Idunda
2,1015,1305,Ifwagi
2,1015,1306,Igombavu
2,1015,1307,Ihalimba
2,1015,1308,Ihanu
2,1015,1309,Ihowanza
2,1014,1310,Isalavanu
2,1015,1311,Itandula
2,1015,1312,Kasanga
2,1015,1313,Kibengu
2,1015,1314,Kiyowela
2,1015,1315,Luhunga
2,1015,1316,Makungu
2,1015,1317,Malangali
2,1015,1318,Mapanda
2,1015,1319,Mbalamaziwa
2,1015,1320,Mdabulo
2,1015,1321,Mninga
2,1015,1322,Mpanga
2,1015,1323,Mtambula
2,1015,1324,Nyololo
2,1014,1325,Rungemba
2,1015,1326,Sadani
2,1016,1327,Biharamulo Mjini
2,1016,1328,Bisibo
2,1016,1329,Kabindi
2,1016,1330,Kalenge
2,1016,1331,Kaniha
2,1016,1332,Lusahunga
2,1016,1333,Nemba
2,1016,1334,Nyabusozi
2,1016,1335,Nyakahura
2,1016,1336,Nyamahanga
2,1016,1337,Nyamigogo
2,1016,1338,Nyantakara
2,1016,1339,Nyarubungo
2,1016,1340,Runazi
2,1016,1341,Ruziba
2,1017,1342,Buhendangabo
2,1017,1343,Bujugo
2,1017,1344,Butelankuzi
2,1017,1345,Butulage
2,1017,1346,Ibwera
2,1017,1347,Izimbya
2,1017,1348,Kaagya
2,1017,1349,Kaibanja
2,1017,1350,Kanyangereko
2,1017,1351,Karabagaine
2,1017,1352,Kasharu
2,1017,1353,Katerero
2,1017,1354,Katoma
2,1017,1355,Kemondo
2,1017,1356,Kibirizi
2,1017,1357,Kikomero
2,1017,1358,Kishanje
2,1017,1359,Kishogo
2,1017,1360,Kyamulaile
2,1017,1361,Maruku
2,1017,1362,Mikoni
2,1017,1363,Mugajwale
2,1017,1364,Nyakato
2,1017,1365,Nyakibimbili
2,1017,1366,Rubafu
2,1017,1367,Rubale
2,1017,1368,Ruhunga
2,1017,1369,Rukoma
2,1018,1370,Bakoba
2,1018,1371,Bilele
2,1018,1372,Buhembe
2,1018,1373,Hamugembe
2,1018,1374,Ijuganyondo
2,1018,1375,Kagondo
2,1018,1376,Kahororo
2,1018,1377,Kashai
2,1018,1378,Kibeta
2,1018,1379,Kitendaguro
2,1018,1380,Miembeni
2,1018,1381,Nshambya
2,1018,1382,Nyanga
2,1018,1383,Rwamishenye
2,1019,1384,Bugene
2,1019,1385,Bweranyange
2,1019,1386,Chonyonyo
2,1019,1387,Igurwa
2,1019,1388,Ihanda
2,1019,1389,Ihembe
2,1019,1390,Kanoni
2,1019,1391,Kayanga
2,1019,1392,Kibondo
2,1019,1393,Kihanga
2,1019,1394,Kiruruma
2,1019,1395,Kituntu
2,1019,1396,Ndama
2,1019,1397,Nyabiyonza
2,1019,1398,Nyaishozi
2,1019,1399,Nyakabanga
2,1019,1400,Nyakahanga
2,1019,1401,Nyakakika
2,1019,1402,Nyakasimbi
2,1019,1403,Rugera
2,1019,1404,Rugu
2,1020,1405,Bugomora
2,1020,1406,Businde
2,1020,1407,Isingiro
2,1020,1408,Kaisho
2,1020,1409,Kamuli
2,1020,1410,Kibale
2,1020,1411,Kibingo
2,1020,1412,Kikukuru
2,1020,1413,Kimuli
2,1020,1414,Kyerwa
2,1020,1415,Mabira
2,1020,1416,Murongo
2,1020,1417,Nkwenda
2,1020,1418,Nyakatuntu
2,1020,1419,Rukuraijo
2,1020,1420,Rutunguru
2,1020,1421,Rwabwere
2,1020,1422,Songambele
2,1021,1423,Bugandika
2,1021,1424,Bugorora
2,1021,1425,Buyango
2,1021,1426,Bwanjai
2,1021,1427,Gera
2,1021,1428,Ishozi
2,1021,1429,Ishunju
2,1021,1430,Kakunyu
2,1021,1431,Kanyigo
2,1021,1432,Kashenye
2,1021,1433,Kassambya
2,1021,1434,Kilimilile
2,1021,1435,Kitobo
2,1021,1436,Kyaka
2,1021,1437,Mabale
2,1021,1438,Minziro
2,1021,1439,Mushasha
2,1021,1440,Mutukula
2,1021,1441,Nsunga
2,1021,1442,Ruzinga
2,1022,1443,Biirabo
2,1022,1444,Bisheke
2,1022,1445,Buganguzi
2,1022,1446,Buhangaza
2,1022,1447,Bulyakashaju
2,1022,1448,Bumbire
2,1022,1449,Bureza
2,1022,1450,Burungura
2,1022,1451,Goziba
2,1022,1452,Gwanseli
2,1022,1453,Ibuga
2,1022,1454,Ijumbi
2,1022,1455,Ikuza
2,1022,1456,Izigo
2,1022,1457,Kabirizi
2,1022,1458,Kagoma
2,1022,1459,Kamachumu
2,1022,1460,Karambi
2,1022,1461,Kasharunga
2,1022,1462,Kashasha
2,1022,1463,Katoke
2,1022,1464,Kibanga
2,1022,1465,Kikuku
2,1022,1466,Kimwani
2,1022,1467,Kishanda
2,1022,1468,Kyebitembe
2,1022,1469,Mafumbo
2,1022,1470,Magata (Karutanga)
2,1022,1471,Mayondwe
2,1022,1472,Mazinga (Kisiwa)
2,1022,1473,Mubunda
2,1022,1474,Muhutwe
2,1022,1475,Muleba
2,1022,1476,Mushabago
2,1022,1477,Ngenge
2,1022,1478,Nshamba
2,1022,1479,Nyakabango
2,1022,1480,Nyakatanga
2,1022,1481,Ruhanga
2,1022,1482,Rulanda
2,1022,1483,Rutoro
2,1023,1484,Bugarama
2,1023,1485,Bukiriro
2,1023,1486,Kabanga
2,1023,1487,Kanazi
2,1023,1488,Kasulo
2,1023,1489,Keza
2,1023,1490,Kibimba
2,1023,1491,Kirushya
2,1023,1492,Mabawe
2,1023,1493,Mbuba
2,1023,1494,Muganza
2,1023,1495,Mugoma
2,1023,1496,Murukulazo
2,1023,1497,Murusagamba
2,1023,1498,Ngara Mjini
2,1023,1499,Ntobeye
2,1023,1500,Nyakisasa
2,1023,1501,Nyamiyaga
2,1023,1502,Rulenge
2,1023,1503,Rusumo
2,1024,1504,Hai Mjini
2,1024,1505,KIA
2,1024,1506,Machame Kaskazini
2,1024,1507,Machame Kusini
2,1024,1508,Machame Magharibi
2,1024,1509,Machame Mashariki
2,1024,1510,Machame Narumu
2,1024,1511,Machame Uroki
2,1024,1512,Machame Weruweru
2,1024,1513,Masama Kati
2,1024,1514,Masama Kusini
2,1024,1515,Masama Magharibi
2,1024,1516,Masama Mashariki
2,1024,1517,Masama Rundugai
2,1025,1518,Arusha chini
2,1025,1519,Kahe
2,1025,1520,Kahe mashariki
2,1025,1521,Kibosho kati
2,1025,1522,Kibosho Magharibi
2,1025,1523,Kibosho mashariki
2,1025,1524,Kilema kaskazini
2,1025,1525,Kilema kati
2,1025,1526,Kilema kusini
2,1025,1527,Kimochi
2,1025,1528,Kindi
2,1025,1529,Kirima
2,1025,1530,Kirua vunjo Magharibi
2,1025,1531,Kirua vunjo mashariki
2,1025,1532,Kiruavunjo kusini
2,1025,1533,Mabogini
2,1025,1534,Mamba kaskazini
2,1025,1535,Mamba kusini
2,1025,1536,Marangu Magharibi
2,1025,1537,Marangu mashariki
2,1025,1538,Mbokomu
2,1025,1539,Mwika kaskazini
2,1025,1540,Mwika kusini
2,1025,1541,Okaoni
2,1025,1542,Old moshi mashariki
2,1025,1543,Uru kaskazini
2,1025,1544,Uru kusini
2,1025,1545,Uru mashariki
2,1025,1546,Uru shimbwe
2,1026,1547,Aleni
2,1026,1548,Holili
2,1026,1549,Katangara mrere
2,1026,1550,Kelamfua Mokala
2,1026,1551,Keni  Mengeni
2,1026,1552,Kirongo samanga
2,1026,1553,Kirwa keni
2,1026,1554,Kisale Msaranga
2,1026,1555,Kitirima kingachi
2,1026,1556,Mahida
2,1026,1557,Makiidi
2,1026,1558,Mamsera
2,1026,1559,Manda
2,1026,1560,Marangu Kitowo
2,1026,1561,Mengwe
2,1026,1562,Motamburu kitendeni
2,1026,1563,Mrao keryo
2,1026,1564,Nanjara reha
2,1026,1565,Ngoyoni
2,1026,1566,Olele
2,1026,1567,Shimbi
2,1026,1568,Tarakea- motamburu
2,1026,1569,Ubetu kahe
2,1026,1570,Ushiri ikuini
2,1027,1571,Biriri
2,1027,1572,Gararagua
2,1027,1573,Karansi
2,1027,1574,Kashashi
2,1027,1575,Livishi
2,1027,1576,Makiwaru
2,1027,1577,Naeny
2,1027,1578,Nasai
2,1027,1579,Ndumeti
2,1027,1580,Ngarenairobi
2,1027,1581,Olkolili
2,1027,1582,Sanya juu
2,1028,1583,Balili
2,1028,1584,Bunda Mjini
2,1028,1585,Bunda Stoo
2,1028,1586,Butimba
2,1028,1587,Chitengule
2,1028,1588,Guta
2,1028,1589,Hunyari
2,1028,1590,Igundu
2,1028,1591,Iramba
2,1028,1592,Kabasa
2,1028,1593,Kasuguti
2,1028,1594,Ketare
2,1028,1595,Kibara
2,1028,1596,Kisorya
2,1028,1597,Kunzugu
2,1028,1598,Mcharo
2,1028,1599,Mihingo
2,1028,1600,Mugeta
2,1028,1601,Namhula
2,1028,1602,Nampindi
2,1028,1603,Nansimo
2,1028,1604,Neruma
2,1028,1605,Nyamang'uta
2,1028,1606,Nyamuswa
2,1028,1607,Nyasura
2,1028,1608,Salama
2,1028,1609,Sazira
2,1028,1610,Wariku
2,1029,1611,Bisumwa
2,1029,1612,Buhemba
2,1029,1613,Bukabwa
2,1029,1614,Buruma
2,1029,1615,Busegwe
2,1029,1616,Buswahili
2,1029,1617,Butiama
2,1029,1618,Butuguri
2,1029,1619,Bwiregi
2,1029,1620,Etaro
2,1029,1621,Kukirango
2,1029,1622,Kyanyari
2,1029,1623,Masaba
2,1029,1624,Mirwa
2,1029,1625,Muriaza
2,1029,1626,Nyakatende
2,1029,1627,Nyamimange
2,1029,1628,Nyankanga
2,1029,1629,Nyegina
2,1029,1630,Sirorisimba
2,1030,1631,Bugwema
2,1030,1632,Bukima
2,1030,1633,Bukumi
2,1030,1634,Bulinga
2,1030,1635,Busambara
2,1030,1636,Bwasi
2,1030,1637,Kiriba
2,1030,1638,Makojo
2,1030,1639,Mugango
2,1030,1640,Murangi
2,1030,1641,Nyambono
2,1030,1642,Nyamrandirira
2,1030,1643,Suguti
2,1030,1644,Tegeruka
2,1031,1645,Buhare
2,1031,1646,Bweri
2,1031,1647,Iringo
2,1031,1648,Kamunyonge
2,1031,1649,Kigera
2,1031,1650,Kitaji
2,1031,1651,Makoko
2,1031,1652,Mukendo
2,1031,1653,Mwigobero
2,1031,1654,Mwisenge
2,1031,1655,Nyasho
2,1032,1656,Bukura
2,1032,1657,Bukwe
2,1032,1658,Goribe
2,1032,1659,Ikoma
2,1032,1660,Kigunga
2,1032,1661,Kirogo
2,1032,1662,Kisumwa
2,1032,1663,Kitembe
2,1032,1664,Komuge
2,1032,1665,Koryo
2,1032,1666,Kyang'ombe
2,1032,1667,Mirare
2,1032,1668,Mkoma
2,1032,1669,Nyahongo
2,1032,1670,Nyamagaro
2,1032,1671,Nyamtinga
2,1032,1672,Nyamunga
2,1032,1673,Nyathorogo
2,1032,1674,Rabour
2,1032,1675,Roche
2,1032,1676,Tai
2,1033,1677,Busawe
2,1033,1678,Geitasamo
2,1033,1679,Issenye
2,1033,1680,Kebanchabancha
2,1033,1681,Kenyamonta
2,1033,1682,Kisaka
2,1033,1683,Kisangura
2,1033,1684,Kyambahi
2,1033,1685,Machochwe
2,1033,1686,Magange
2,1033,1687,Majimoto
2,1033,1688,Manchira
2,1033,1689,Mbalibali
2,1033,1690,Morotonga
2,1033,1691,Mosongo
2,1033,1692,Mugumu
2,1033,1693,Natta
2,1033,1694,Nyamatare
2,1033,1695,Nyambureti
2,1033,1696,Nyamoko
2,1033,1697,Nyansurura
2,1033,1698,Rigicha
2,1033,1699,Ring'wani
2,1033,1700,Rung'abure
2,1033,1701,Sedeco
2,1033,1702,Stendi Kuu
2,1033,1703,Uwanja wa Ndege
2,1034,1704,Binagi
2,1034,1705,Bomani
2,1034,1706,Bumera
2,1034,1707,Genyange
2,1034,1708,Gorong'a
2,1034,1709,Itiryo
2,1034,1710,Kemambo
2,1034,1711,Kentare
2,1034,1712,Kibasuka
2,1034,1713,Kiore
2,1034,1714,Komaswa
2,1034,1715,Manga
2,1034,1716,Mbogi
2,1034,1717,Muriba
2,1034,1718,Mwema
2,1034,1719,Nyakonga
2,1034,1720,Nyamaranga
2,1034,1721,Nyamisangura
2,1034,1722,Nyamwaga
2,1034,1723,Nyandoto
2,1034,1724,Nyansincha
2,1034,1725,Nyanungu
2,1034,1726,Nyarero
2,1034,1727,Nyarokoba
2,1034,1728,Pemba
2,1034,1729,Sabasaba
2,1034,1730,Sirari
2,1034,1731,Susuni
2,1034,1732,Turwa
2,1035,1733,Forest
2,1035,1734,Ghana
2,1035,1735,Iduda
2,1035,1736,Iganjo
2,1035,1737,Iganzo
2,1035,1738,Igawilo
2,1035,1739,Ilemi
2,1035,1740,Ilomba
2,1035,1741,Isanga
2,1035,1742,Isyesye
2,1035,1743,Itende
2,1035,1744,Itezi
2,1035,1745,Itiji
2,1035,1746,Iwambi
2,1035,1747,Iyela
2,1035,1748,Iyunga
2,1035,1749,Iziwa
2,1035,1750,Kalobe
2,1035,1751,Maanga
2,1035,1752,Mabatini
2,1035,1753,Maendeleo
2,1035,1754,Majengo
2,1035,1755,Mbalizi Road
2,1035,1756,Mwakibete
2,1035,1757,Mwansekwa
2,1035,1758,Mwasanga
2,1035,1759,Nonde
2,1035,1760,Nsalaga
2,1035,1761,Nsoho
2,1035,1762,Nzovwe
2,1035,1763,Ruanda
2,1035,1764,Sinde
2,1035,1765,Sisimba
2,1035,1766,Tagano
2,1035,1767,Tembela
2,1035,1768,Uyole
2,1036,1769,Bonde la Songwe
2,1036,1770,Igale
2,1036,1771,Ihango
2,1036,1772,Ijombe
2,1036,1773,Ikukwa
2,1036,1774,Ilembo
2,1036,1775,Ilungu
2,1036,1776,Inyala
2,1036,1777,Isuto
2,1036,1778,Itawa
2,1036,1779,Itewe
2,1036,1780,Iwiji
2,1036,1781,Iwindi
2,1036,1782,Iyunga Mapinduzi
2,1036,1783,Lwanjiro
2,1036,1784,Maendeleo
2,1036,1785,Mshewe
2,1036,1786,Nsalala
2,1036,1787,Santilya
2,1036,1788,Tembela
2,1036,1789,Ulenje
2,1036,1790,Utengule Usongwe
2,1037,1791,Bara
2,1037,1792,Halungu
2,1037,1793,Igamba
2,1037,1794,Ipunga
2,1037,1795,Isandula
2,1037,1796,Isansa
2,1037,1797,Itaka
2,1037,1798,Iyula
2,1037,1799,Mlangali
2,1037,1800,Msia
2,1037,1801,Myovizi
2,1037,1802,Nambinzo
2,1037,1803,Nanyala
2,1037,1804,Nyimbili
2,1037,1805,Ruanda
2,1037,1806,Sakamwela
2,1037,1807,Vwawa
2,1038,1808,Bagamoyo
2,1038,1809,Bujela
2,1038,1810,Bulyaga
2,1038,1811,Ibighi
2,1038,1812,Ikama
2,1038,1813,Ikuti
2,1038,1814,Ilima
2,1038,1815,Isange
2,1038,1816,Isongole
2,1038,1817,Itete
2,1038,1818,Kabula
2,1038,1819,Kambasegela
2,1038,1820,Kandete
2,1038,1821,Kawetele
2,1038,1822,Kikole
2,1038,1823,Kinyala
2,1038,1824,Kisegese
2,1038,1825,Kisiba
2,1038,1826,Kisondela
2,1038,1827,Kiwira
2,1038,1828,Kyimo
2,1038,1829,Lufilyo
2,1038,1830,Lufingo
2,1038,1831,Lupata
2,1038,1832,Luteba
2,1038,1833,Lwangwa
2,1038,1834,Makandana
2,1038,1835,Malindo
2,1038,1836,Masebe
2,1038,1837,Masoko
2,1038,1838,Masukulu
2,1038,1839,Mpombo
2,1038,1840,Mpuguso
2,1038,1841,Msasani
2,1038,1842,Nkunga
2,1038,1843,Suma
2,1038,1844,Swaya
2,1039,1845,Chagongwe Ward
2,1039,1846,Chakwale Ward
2,1039,1847,Chanjale Ward
2,1039,1848,Gairo Ward
2,1039,1849,Idibo Ward
2,1039,1850,Iyogwe Ward
2,1039,1851,Kibedya Ward
2,1039,1852,Mandege Ward
2,1039,1853,Msingisi Ward
2,1039,1854,Nongwe Ward
2,1039,1855,Rubeho Ward
2,1040,1856,Berega Ward
2,1040,1857,Chanzulu Ward
2,1040,1858,Dumila Ward
2,1040,1859,Kasiki Ward
2,1040,1860,Kidete Ward
2,1040,1861,Kidodi Ward
2,1040,1862,Kilangali Ward
2,1040,1863,Kimamba A Ward
2,1040,1864,Kimamba B Ward
2,1040,1865,Kisanga Ward
2,1040,1866,Kitete Ward
2,1040,1867,Lumbiji Ward
2,1040,1868,Lumuma Ward
2,1040,1869,Mabula Ward
2,1040,1870,Mabwerebwere Ward
2,1040,1871,Madoto Ward
2,1040,1872,Magole Ward
2,1040,1873,Magomeni Ward
2,1040,1874,Magubike Ward
2,1040,1875,Maguha Ward
2,1040,1876,Malolo Ward
2,1040,1877,Mamboya Ward
2,1040,1878,Masanze Ward
2,1040,1879,Mbumi Ward
2,1040,1880,Mikumi Ward
2,1040,1881,Mkwatani Ward
2,1040,1882,Msowero Ward
2,1040,1883,Ruaha Ward
2,1040,1884,Rudewa Ward
2,1040,1885,Ruhembe Ward
2,1040,1886,Tindiga Ward
2,1040,1887,Ulaya Ward
2,1040,1888,Uleling`ombe Ward
2,1040,1889,Vidunda Ward
2,1040,1890,Zombo Ward
2,1041,1891,Bungu Ward
2,1041,1892,Bwakila chini Ward
2,1041,1893,Bwakila juu Ward
2,1041,1894,Gwata Ward
2,1041,1895,Kasanga Ward
2,1041,1896,Kibogwa Ward
2,1041,1897,Kibungo Juu Ward
2,1041,1898,Kidugalo Ward
2,1041,1899,Kinole Ward
2,1041,1900,Kiroka Ward
2,1041,1901,Kisaki Ward
2,1041,1902,Kisemu Ward
2,1041,1903,Kolero Ward
2,1041,1904,Konde Ward
2,1041,1905,Lundi Ward
2,1041,1906,Matuli Ward
2,1041,1907,Mikese Ward
2,1041,1908,Mkambarani Ward
2,1041,1909,Mkulazi Ward
2,1041,1910,Mkuyuni Ward
2,1041,1911,Mngazi Ward
2,1041,1912,Mtombozi Ward
2,1041,1913,Mvuha Ward
2,1041,1914,Ngerengere Ward
2,1041,1915,Selembala Ward
2,1041,1916,Singisa Ward
2,1041,1917,Tawa Ward
2,1041,1918,Tegetero Ward
2,1041,1919,Tununguo Ward
2,1042,1920,Bigwa Ward
2,1042,1921,Boma Ward
2,1042,1922,K / Ndege Ward
2,1042,1923,Kichangani Ward
2,1042,1924,Kihonda Ward
2,1042,1925,Kilakala Ward
2,1042,1926,Kingo Ward
2,1042,1927,Kingolwira Ward
2,1042,1928,Mafiga Ward
2,1042,1929,Mazimbu Ward
2,1042,1930,Mbuyuni Ward
2,1042,1931,Mji Mkuu Ward
2,1042,1932,Mji Mpya Ward
2,1042,1933,Mlimani Ward
2,1042,1934,Mwembesongo Ward
2,1042,1935,Mzinga Ward
2,1042,1936,Sabasaba Ward
2,1042,1937,Sultan Area Ward
2,1042,1938,Uwanja wa taifa Ward
2,1043,1939,Bunduki Ward
2,1043,1940,Diongoya Ward
2,1043,1941,Doma Ward
2,1043,1942,Hembeti Ward
2,1043,1943,Kanga Ward
2,1043,1944,Kibati Ward
2,1043,1945,Kikeo Ward
2,1043,1946,Langali Ward
2,1043,1947,Maskati Ward
2,1043,1948,Melela Ward
2,1043,1949,Mhonda Ward
2,1043,1950,Mlali Ward
2,1043,1951,Mtibwa Ward
2,1043,1952,Mvomero Ward
2,1043,1953,Mzumbe Ward
2,1043,1954,Sungaji Ward
2,1043,1955,Tchenzema Ward
2,1044,1956,Bugando
2,1044,1957,Bungulwa
2,1044,1958,Bupamwa
2,1044,1959,Fukalo
2,1044,1960,Hungumalwa
2,1044,1961,Igongwa
2,1044,1962,Iseni
2,1044,1963,Kikubiji
2,1044,1964,Lyoma
2,1044,1965,Maligisu
2,1044,1966,Malya
2,1044,1967,Mantare
2,1044,1968,Mhande
2,1044,1969,Mwabomba
2,1044,1970,Mwagi
2,1044,1971,Mwakilyambiti
2,1044,1972,Mwandu
2,1044,1973,Mwang'halanga
2,1044,1974,Mwankulwe
2,1044,1975,Ng'hundi
2,1044,1976,Ngudu
2,1044,1977,Ngulla
2,1044,1978,Nkalalo
2,1044,1979,Nyambiti
2,1044,1980,Nyamilama
2,1044,1981,Shilembo
2,1044,1982,Sumve
2,1044,1983,Walla
2,1045,1984,Bujashi
2,1045,1985,Jinjimili
2,1045,1986,Kahangara
2,1045,1987,Kisesa
2,1045,1988,Kitongo Sima
2,1045,1989,Kongolo
2,1045,1990,Lubugu
2,1045,1991,Lutale
2,1045,1992,Magu Mjini
2,1045,1993,Mwamabanza
2,1045,1994,Mwamanga
2,1045,1995,Ng'haya
2,1045,1996,Nkungulu
2,1045,1997,Nyanguge
2,1045,1998,Nyigogo
2,1045,1999,Shishani
2,1045,2000,Sukuma
2,1046,2001,Buhingo
2,1046,2002,Bulemeji
2,1046,2003,Busongo
2,1046,2004,Fella
2,1046,2005,Gulumungu
2,1046,2006,Idetemya
2,1046,2007,Igokelo
2,1046,2008,Ilalambogo
2,1046,2009,Ilujamate
2,1046,2010,Isesa
2,1046,2011,Kanyelele
2,1046,2012,Kasololo
2,1046,2013,Kijima
2,1046,2014,Koromije
2,1046,2015,Lubili
2,1046,2016,Mabuki
2,1046,2017,Mamaye
2,1046,2018,Mbarika
2,1046,2019,Misasi
2,1046,2020,Misungwi
2,1046,2021,Mwaniko
2,1046,2022,Nhundulu
2,1046,2023,Shilalo
2,1046,2024,Sumbugu
2,1046,2025,Ukiriguru
2,1047,2026,Buhongwa
2,1047,2027,Igogo
2,1047,2028,Igoma
2,1047,2029,Isamilo
2,1047,2030,Mahina
2,1047,2031,Mbugani
2,1047,2032,Mikuyuni
2,1047,2033,Mirongo
2,1047,2034,Mkolani
2,1047,2035,Nyamagana
2,1047,2036,Pamba
2,1048,2037,Bugogwa
2,1048,2038,Bulyaheke
2,1048,2039,Bupandwa
2,1048,2040,Busisi
2,1048,2041,Buswelu
2,1048,2042,Buyagu
2,1048,2043,Buzilasoga
2,1048,2044,Chifunfu
2,1048,2045,Ibisabageni
2,1048,2046,Igalula
2,1048,2047,Igulumuki
2,1048,2048,Ilemela
2,1048,2049,Irenza
2,1048,2050,Kafunzo
2,1048,2051,Kagunga
2,1048,2052,Kalebezo
2,1048,2053,Kasenyi
2,1048,2054,Kasungamile
2,1048,2055,Katunguru
2,1048,2056,Katwe
2,1048,2057,Kazunzu
2,1048,2058,Kirumba
2,1048,2059,Kishinda
2,1048,2060,Kitangiri
2,1048,2061,Lugata
2,1048,2062,Maisome
2,1048,2063,Mwabaluhi
2,1048,2064,Nyakaliro
2,1048,2065,Nyakasasa
2,1048,2066,Nyakasungwa
2,1048,2067,Nyamanoro
2,1048,2068,Nyamatongo
2,1048,2069,Nyamazugo
2,1048,2070,Nyampande
2,1048,2071,Nyampulukano
2,1048,2072,Nyanzenda
2,1048,2073,Nyatukala
2,1048,2074,Nyehunge
2,1048,2075,Pasiansi
2,1048,2076,Sangabuye
2,1048,2077,Sima
2,1048,2078,Tabaruka
2,1049,2079,Bukanda
2,1049,2080,Bukiko
2,1049,2081,Bukindo
2,1049,2082,Bukongo
2,1049,2083,Bukungu
2,1049,2084,Bwiro
2,1049,2085,Bwisya
2,1049,2086,Igalla
2,1049,2087,Ilangala
2,1049,2088,Irugwa
2,1049,2089,Kagera
2,1049,2090,Kagunguli
2,1049,2091,Kakerege
2,1049,2092,Mukituntu
2,1049,2093,Muriti
2,1049,2094,Murutunguru
2,1049,2095,Nakatunguru
2,1049,2096,Namagondo
2,1049,2097,Namilembe
2,1049,2098,Nansio
2,1049,2099,Nduruma
2,1049,2100,Ngoma
2,1049,2101,Nkilizya
2,1049,2102,Nyamanga
2,1050,2103,Kitandililo
2,1050,2104,Lyamkena
2,1050,2105,Mahongole
2,1050,2106,Mjimwema
2,1050,2107,Mlowa
2,1050,2108,Mwembetogwa
2,1050,2109,Ubena
2,1050,2110,Utengule
2,1051,2111,Idamba
2,1051,2112,Igongolo
2,1051,2113,Ikondo
2,1051,2114,Ikuna
2,1051,2115,Kichiwa
2,1051,2116,Kidegembye
2,1051,2117,Lupembe
2,1051,2118,Matembwe
2,1051,2119,Mfriga
2,1051,2120,Mtwango
2,1051,2121,Ninga
2,1052,2122,Ihanga
2,1052,2123,Iwungilo
2,1052,2124,Kifanya
2,1052,2125,Lugenge
2,1052,2126,Luponde
2,1052,2127,Makowo
2,1052,2128,Matola
2,1052,2129,Mjimwema
2,1052,2130,Njombe Mjini
2,1052,2131,Ramadhani
2,1052,2132,Utalingolo
2,1052,2133,Uwemba
2,1052,2134,Yakobi
2,1053,2135,Igima
2,1053,2136,Igosi
2,1053,2137,Igwachanya
2,1053,2138,Ilembula
2,1053,2139,Imalinyi
2,1053,2140,Kidugala
2,1053,2141,Kijombe
2,1053,2142,Kipengere
2,1053,2143,Luduga
2,1053,2144,Makoga
2,1053,2145,Mdandu
2,1053,2146,Saja
2,1053,2147,Uhambule
2,1053,2148,Ulembwe
2,1053,2149,Usuka
2,1053,2150,Wangama
2,1053,2151,Wanging`ombe
2,1054,2152,Bwilingu
2,1054,2153,Dunda
2,1054,2154,Fukayosi
2,1054,2155,Kerege
2,1054,2156,Kibindu
2,1054,2157,Kimange
2,1054,2158,Kiromo
2,1054,2159,Kiwangwa
2,1054,2160,Lugoba
2,1054,2161,Mandera
2,1054,2162,Mbwewe
2,1054,2163,Miono
2,1054,2164,Mkange
2,1054,2165,Msata
2,1054,2166,Msoga
2,1054,2167,Pera
2,1054,2168,Talawanda
2,1054,2169,Ubenazomozi
2,1054,2170,Vigwaza
2,1054,2171,Yombo
2,1054,2172,Zinga
2,1055,2173,Bokomnemela
2,1055,2174,Dutumi
2,1055,2175,Gwata
2,1055,2176,Janga
2,1055,2177,Kikongo
2,1055,2178,Kilangalanga
2,1055,2179,Kwala
2,1055,2180,Magindu
2,1055,2181,Mlandizi
2,1055,2182,Ruvu
2,1055,2183,Soga
2,1056,2184,Kibaha
2,1056,2185,Kongowe
2,1056,2186,Maili Moja
2,1056,2187,Mbwawa
2,1056,2188,Misugusugu
2,1056,2189,Mkuza
2,1056,2190,Msangani
2,1056,2191,Pangani
2,1056,2192,Picha ya Ndege
2,1056,2193,Tumbi
2,1056,2194,Visiga
2,1057,2195,Bupu
2,1057,2196,Kimanzichana
2,1057,2197,Kiparang'anda
2,1057,2198,Kisiju
2,1057,2199,Kitomondo
2,1057,2200,Lukanga
2,1057,2201,Magawa
2,1057,2202,Mbezi
2,1057,2203,Mkamba
2,1057,2204,Mkuranga
2,1057,2205,Mwalusembe
2,1057,2206,Njia nne
2,1057,2207,Nyamato
2,1057,2208,Panzuo
2,1057,2209,Shungubweni
2,1057,2210,Tambani
2,1057,2211,Vianzi
2,1057,2212,Vikindu
2,1058,2213,Bungu
2,1058,2214,Chemchem
2,1058,2215,Chumbi
2,1058,2216,Dimani
2,1058,2217,Ikwiriri
2,1058,2218,Kibiti
2,1058,2219,Kiongoroni
2,1058,2220,Mahege
2,1058,2221,Maparoni
2,1058,2222,Mbuchi
2,1058,2223,Mbwara
2,1058,2224,Mchukwi
2,1058,2225,Mgomba
2,1058,2226,Mjawa
2,1058,2227,Mkongo
2,1058,2228,Mlanzi
2,1058,2229,Mtawanya
2,1058,2230,Mtunda
2,1058,2231,Mwambao
2,1058,2232,Mwaseni
2,1058,2233,Ngarambe
2,1058,2234,Ngorongo
2,1058,2235,Ruaruke
2,1058,2236,Salale
2,1058,2237,Umwe
2,1058,2238,Utete
2,1059,2239,Bukomela
2,1059,2240,Bulige
2,1059,2241,Bulungwa
2,1059,2242,Bulyanhulu
2,1059,2243,Busangi
2,1059,2244,Chambo
2,1059,2245,Chela
2,1059,2246,Chona
2,1059,2247,Idahina
2,1059,2248,Igunda
2,1059,2249,Igwamanoni
2,1059,2250,Isaka
2,1059,2251,Jana
2,1059,2252,Kashishi
2,1059,2253,Kinamapula
2,1059,2254,Kisuke
2,1059,2255,Lunguya
2,1059,2256,Mapamba
2,1059,2257,Mega
2,1059,2258,Mpunze
2,1059,2259,Mwalugulu
2,1059,2260,Mwanase
2,1059,2261,Ngaya
2,1059,2262,Ntobo
2,1059,2263,Nyankende
2,1059,2264,Sabasabini
2,1059,2265,Segese
2,1059,2266,Shilela
2,1059,2267,Ubagwe
2,1059,2268,Ukune
2,1059,2269,Ulewe
2,1059,2270,Ulowa
2,1059,2271,Ushetu
2,1059,2272,Uyogo
2,1060,2273,Busoka
2,1060,2274,Isagehe
2,1060,2275,Iyenze
2,1060,2276,Kagongwa
2,1060,2277,Kahama Mjini
2,1060,2278,Kilago
2,1060,2279,Kinaga
2,1060,2280,Malunga
2,1060,2281,Mhongolo
2,1060,2282,Mhungula
2,1060,2283,Mondo
2,1060,2284,Mwendakulima
2,1060,2285,Ngogwa
2,1060,2286,Nyahanga
2,1060,2287,Nyandekwa
2,1060,2288,Nyasubi
2,1060,2289,Nyihogo
2,1060,2290,Wendele
2,1060,2291,Zongomera
2,1061,2292,Bubiki
2,1061,2293,Bunambiyu
2,1061,2294,Itilima
2,1061,2295,Kishapu
2,1061,2296,Lagana
2,1061,2297,Masanga
2,1061,2298,Mwadui Lohumbo
2,1061,2299,Mwakipoya
2,1061,2300,Mwamalasa
2,1061,2301,Mwamashele
2,1061,2302,Ngofila
2,1061,2303,Seke-Bugoro
2,1061,2304,Shagihilu
2,1061,2305,Somagedi
2,1061,2306,Songwa
2,1061,2307,Talaga
2,1061,2308,Uchunga
2,1061,2309,Ukenyenge
2,1062,2310,Bukene
2,1062,2311,Didia
2,1062,2312,Ilola
2,1062,2313,Imesela
2,1062,2314,Iselamagazi
2,1062,2315,Itwangi
2,1062,2316,Lyabukande
2,1062,2317,Lyabusalu
2,1062,2318,Lyamidati
2,1062,2319,Masengwa
2,1062,2320,Mwakitolyo
2,1062,2321,Mwalukwa
2,1062,2322,Mwamala
2,1062,2323,Mwantini
2,1062,2324,Mwenge
2,1062,2325,Nyamalogo
2,1062,2326,Nyida
2,1062,2327,Pandagichiza
2,1062,2328,Puni
2,1062,2329,Salawe
2,1062,2330,Samuye
2,1062,2331,Solwa
2,1062,2332,Tinde
2,1062,2333,Usanda
2,1063,2334,Chamaguha
2,1063,2335,Chibe
2,1063,2336,Ibadakuli
2,1063,2337,Ibinzamata
2,1063,2338,Kambarage
2,1063,2339,Kitangili
2,1063,2340,Kizumbi
2,1063,2341,Kolandoto
2,1063,2342,Lubaga
2,1063,2343,Masekelo
2,1063,2344,Mwamalili
2,1063,2345,Mwawaza
2,1063,2346,Ndala
2,1063,2347,Ndembezi
2,1063,2348,Ngokolo
2,1063,2349,Old Shinyanga
2,1063,2350,Shinyanga Mjini
2,1064,2351,Bariadi
2,1064,2352,Bunamhala
2,1064,2353,Dutwa
2,1064,2354,Gambosi
2,1064,2355,Gilya
2,1064,2356,Guduwi
2,1064,2357,Ikungulyabashashi
2,1064,2358,Kasoli
2,1064,2359,Kilalo
2,1064,2360,Malambo
2,1064,2361,Matongo
2,1064,2362,Mhango
2,1064,2363,Mwadobana
2,1064,2364,Mwaubingi
2,1064,2365,Mwaumatondo
2,1064,2366,Ngulyati
2,1064,2367,Nkindwabiye
2,1064,2368,Nkololo
2,1064,2369,Nyakabindi
2,1064,2370,Nyangokolwa
2,1064,2371,Sakwe
2,1064,2372,Sapiwi
2,1064,2373,Somanda
2,1065,2374,Badugu
2,1065,2375,Igalukilo
2,1065,2376,Kabita
2,1065,2377,Kalemela
2,1065,2378,Kiloleli
2,1065,2379,Lamadi
2,1065,2380,Lutubiga
2,1065,2381,Malili
2,1065,2382,Mkula
2,1065,2383,Mwamanyili
2,1065,2384,Ngasamo
2,1065,2385,Nyaluhande
2,1065,2386,Shigala
2,1066,2387,Budalabujiga
2,1066,2388,Chinamili
2,1066,2389,Ikindilo
2,1066,2390,Kinang'weli
2,1066,2391,Lagangabilili
2,1066,2392,Lugulu
2,1066,2393,Mbita
2,1066,2394,Mhunze
2,1066,2395,Migato
2,1066,2396,Mwalushu
2,1066,2397,Mwamapalala
2,1066,2398,Mwamtani
2,1066,2399,Mwaswale
2,1066,2400,Ndolelezi
2,1066,2401,Nhobora
2,1066,2402,Nkuyu
2,1066,2403,Nyamalapa
2,1066,2404,Sagata
2,1066,2405,Sawida
2,1066,2406,Zagayu
2,1067,2407,Badi
2,1067,2408,Binza
2,1067,2409,Buchambi
2,1067,2410,Budekwa
2,1067,2411,Busilili
2,1067,2412,Dakama
2,1067,2413,Ipililo
2,1067,2414,Isanga
2,1067,2415,Kadoto
2,1067,2416,Kulimi
2,1067,2417,Lalago
2,1067,2418,Malampaka
2,1067,2419,Masela
2,1067,2420,Mpindo
2,1067,2421,Mwamanenge
2,1067,2422,Mwamashimba
2,1067,2423,Mwang'honoli
2,1067,2424,Nguliguli
2,1067,2425,Ng'wigwa
2,1067,2426,Nyabubinza
2,1067,2427,Nyalikungu
2,1067,2428,Senani
2,1067,2429,Seng'wa
2,1067,2430,Shishiyu
2,1067,2431,Zanzui
2,1068,2432,Bukundi
2,1068,2433,Imalaseko
2,1068,2434,Itinje
2,1068,2435,Kimali
2,1068,2436,Lingeka
2,1068,2437,Lubiga
2,1068,2438,Mwabuma
2,1068,2439,Mwabusalu
2,1068,2440,Mwabuzo
2,1068,2441,Mwakisandu
2,1068,2442,Mwamalole
2,1068,2443,Mwamanimba
2,1068,2444,Mwamanongu
2,1068,2445,Mwamishali
2,1068,2446,Mwandoya
2,1068,2447,Mwangundo
2,1068,2448,Mwanhuzi
2,1068,2449,Mwanjolo
2,1068,2450,Mwanyahina
2,1068,2451,Mwasengela
2,1068,2452,Ng'hoboko
2,1068,2453,Nkoma
2,1068,2454,Sakasaka
2,1068,2455,Tindabuligi
2,1069,2456,Kideleko
2,1069,2457,Konje
2,1069,2458,Kwamagome
2,1069,2459,Kwediyamba
2,1069,2460,Kwenjugo
2,1069,2461,Mabanda
2,1069,2462,Malezi
2,1069,2463,Mdoe
2,1069,2464,Mlimani
2,1069,2465,Msasa
2,1069,2466,Vibaoni
2,1070,2467,Jaila
2,1070,2468,Kibirashi
2,1070,2469,Kikunde
2,1070,2470,Kilindi
2,1070,2471,Kilwa
2,1070,2472,Kimbe
2,1070,2473,Kisangasa
2,1070,2474,Kwediboma
2,1070,2475,Kwekivu
2,1070,2476,Lwande
2,1070,2477,Mabalanga
2,1070,2478,Masagulu
2,1070,2479,Mkindi
2,1070,2480,Msanja
2,1070,2481,Mvungwe
2,1070,2482,Negero
2,1070,2483,Pagwi
2,1070,2484,Saunyi
2,1070,2485,Songe
2,1070,2486,Tunguli
2,1071,2487,Chekelei
2,1071,2488,Dindira
2,1071,2489,Kerenge
2,1071,2490,Kizara
2,1071,2491,Kwagunda
2,1071,2492,Kwashemshi
2,1071,2493,Lutindi
2,1071,2494,Magamba Kwalukonge
2,1071,2495,Magoma
2,1071,2496,Makuyuni
2,1071,2497,Mashewa
2,1071,2498,Mazinde
2,1071,2499,Mkalamo
2,1071,2500,Mkomazi
2,1071,2501,Mnyuzi
2,1071,2502,Mombo
2,1071,2503,Mpale
2,1071,2504,Mswaha
2,1071,2505,Vugiri
2,1072,2506,Kilole
2,1072,2507,Kwamndolwa
2,1072,2508,Magunga
2,1072,2509,Manundu
2,1072,2510,Mtonga
2,1072,2511,Ngombezi
2,1072,2512,Old Korogwe
2,1073,2513,Baga
2,1073,2514,Bumbuli
2,1073,2515,Dule 'B'
2,1073,2516,Dule 'M'
2,1073,2517,Funta
2,1073,2518,Gare
2,1073,2519,Hemtoye
2,1073,2520,Kwai
2,1073,2521,Kwekanga
2,1073,2522,Kwemashai
2,1073,2523,Kwemshasha
2,1073,2524,Lukozi
2,1073,2525,Lunguza
2,1073,2526,Lushoto
2,1073,2527,Maheza ngulu
2,1073,2528,Makanya
2,1073,2529,Malibwi
2,1073,2530,Malindi
2,1073,2531,Mamba
2,1073,2532,Manolo
2,1073,2533,Mayo
2,1073,2534,Mbaramo
2,1073,2535,Mbuzii
2,1073,2536,Mgwashi
2,1073,2537,Milingano
2,1073,2538,Mlalo
2,1073,2539,Mlola
2,1073,2540,Mnazi
2,1073,2541,Mng'aro
2,1073,2542,Mponde
2,1073,2543,Mtae
2,1073,2544,Mwangoi
2,1073,2545,Ngulwi
2,1073,2546,Ngwelo
2,1073,2547,Nkongoi
2,1073,2548,Rangwi
2,1073,2549,Shume
2,1073,2550,Soni
2,1073,2551,Sunga
2,1073,2552,Tamota
2,1073,2553,Ubiri
2,1073,2554,Usambara
2,1073,2555,Vuga
2,1074,2556,Boma
2,1074,2557,Bosha
2,1074,2558,Bwiti
2,1074,2559,Daluni
2,1074,2560,Doda
2,1074,2561,Gombero
2,1074,2562,Kigongoi
2,1074,2563,Kwale
2,1074,2564,Manza
2,1074,2565,Mapatano
2,1074,2566,Maramba
2,1074,2567,Mayomboni
2,1074,2568,Mhinduro
2,1074,2569,Mkinga
2,1074,2570,Mnyenzani
2,1074,2571,Moa
2,1074,2572,Mtimbwani
2,1074,2573,Mwakijembe
2,1074,2574,Parungu  Kasera
2,1074,2575,Sigaya
2,1075,2576,Amani
2,1075,2577,Bwembwera
2,1075,2578,Genge
2,1075,2579,Kicheba
2,1075,2580,Kigombe
2,1075,2581,Kilulu
2,1075,2582,Kisiwani
2,1075,2583,Kwafungo
2,1075,2584,Kwakifua
2,1075,2585,Kwemkabala
2,1075,2586,Lusanga
2,1075,2587,Magila
2,1075,2588,Magoroto
2,1075,2589,Masuguru
2,1075,2590,Mbomole
2,1075,2591,Mhamba
2,1075,2592,Misalai
2,1075,2593,Misozwe
2,1075,2594,Mkuzi
2,1075,2595,Mlingoni
2,1075,2596,Mpapayu
2,1075,2597,Mtindiro
2,1075,2598,Ngomeni
2,1075,2599,Nkumba
2,1075,2600,Pande Darajani
2,1075,2601,Potwe
2,1075,2602,Songa
2,1075,2603,Tanganyika
2,1075,2604,Tingeni
2,1075,2605,Tongwe
2,1075,2606,Zirai
2,1076,2607,Bushiri
2,1076,2608,Bweni
2,1078,2609,Kabuku
2,1078,2610,Kabuku ndani
2,1078,2611,Kang'ata
2,1076,2612,Kimang'a
2,1076,2613,Kipumbwi
2,1078,2614,Kiva
2,1078,2615,Komkonga
2,1078,2616,Kwachaga
2,1078,2617,Kwaluguru
2,1078,2618,Kwamatuku
2,1078,2619,Kwamgwe
2,1078,2620,Kwamsisi
2,1078,2621,Kwankonje
2,1078,2622,Kwasunga
2,1078,2623,Kwedizinga
2,1076,2624,Madanga
2,1078,2625,Mazingara
2,1078,2626,Mgambo
2,1076,2627,Mikunguni
2,1078,2628,Misima
2,1078,2629,Mkata
2,1076,2630,Mkwaja
2,1076,2631,Mwera
2,1078,2632,Ndolwa
2,1076,2633,Pangani Magharibi
2,1076,2634,Pangani Mashariki
2,1078,2635,Segera
2,1078,2636,Sindeni
2,1076,2637,Tungamaa
2,1076,2638,Ubangaa
2,1077,2639,Central
2,1077,2640,Chongoleani
2,1077,2641,Chumbageni
2,1077,2642,Duga
2,1077,2643,Kiomoni
2,1077,2644,Kirare
2,1077,2645,Mabawa
2,1077,2646,Mabokweni
2,1077,2647,Majengo
2,1077,2648,Makorora
2,1077,2649,Marungu
2,1077,2650,Maweni
2,1077,2651,Msambweni
2,1077,2652,Mwanzange
2,1077,2653,Mzingani
2,1077,2654,Mzizima
2,1077,2655,Ngamiani Kaskazini
2,1077,2656,Ngamiani Kati
2,1077,2657,Ngamiani Kusini
2,1077,2658,Nguvumali
2,1077,2659,Pongwe
2,1077,2660,Tangasisi
2,1077,2661,Tongoni
2,1077,2662,Usagara
2,1037,2663,Ihanda
2,1014,2664,Wambi
2,1014,2665,Upendo
2,1014,2666,Changarawe
2,1015,2667,Mtwango
2,1015,2668,Idete
2,1015,2669,Ikweha
2,1015,2670,Maduma
2,1024,2671,Mnadani
2,1075,2672,Majengo
2,1075,2673,Ndege
2,1075,2674,Kwatango
2,1075,2675,Mbaramo
2,1073,2676,Kilole
2,1076,2677,Mkalamo
2,1079,2678,Cholesamvula
2,1079,2679,Kibuta
2,1079,2680,Kiluvya
2,1079,2681,Kisarawe
2,1079,2682,Kurui
2,1079,2683,Mafizi
2,1079,2684,Maneromango
2,1079,2685,Marui
2,1079,2686,Marumbo
2,1079,2687,Masaki
2,1079,2688,Msanga
2,1079,2689,Msimbu
2,1079,2690,Mzenga
2,1079,2691,Vihingo
2,1079,2692,Vikumbulu
2,1080,2693,Lupalilo ward
2,1080,2694,Iwawa ward
2,1080,2695,Mangoto ward
2,1080,2696,Lupila ward
2,1080,2697,Ukwama ward
2,1080,2698,Bulongwa ward
2,1080,2699,Kipagilo ward
2,1080,2700,Iniho ward
2,1080,2701,Ipelele ward
2,1080,2702,Kigulu ward
2,1080,2703,Matamba ward
2,1080,2704,Mlondwe ward
2,1080,2705,Kitulo ward
2,1080,2706,Ikuwo ward
2,1080,2707,Mfumbi ward
2,1080,2708,Ipepo ward
2,1080,2709,Mbalatse ward
2,1080,2710,Tandala ward
2,1080,2711,Luwumbu ward
2,1080,2712,Isapulano ward
2,1080,2713,Kigala ward
2,1080,2714,Itundu ward
2,1081,2715,Karatu ward
2,1081,2716,Endamarariek ward
2,1081,2717,Buger ward
2,1081,2718,Endabash ward
2,1081,2719,Kansay ward
2,1081,2720,Baray ward
2,1081,2721,Mangola ward
2,1081,2722,Daa ward
2,1081,2723,Oldean ward
2,1081,2724,Qurus ward
2,1081,2725,Ganako ward
2,1081,2726,Rhotia
2,1081,2727,Mbulumbulu ward
2,1081,2728,Endamaghang ward
2,1082,2729,Kilimanjaro ward
2,1082,2730,Njoro ward
2,1082,2731,Mji mpya ward
2,1082,2732,Majengo ward
2,1082,2733,Mawenzi ward
2,1082,2734,Rau ward
2,1082,2735,Korongoni ward
2,1082,2736,Kiusa ward
2,1082,2737,Bondeni ward
2,1082,2738,Pasua ward
2,1082,2739,Kaloleni ward
2,1082,2740,Kiboriloni ward
2,1082,2741,Msaranga ward
2,1082,2742,Karanga ward
2,1082,2743,Longuo B ward
2,1082,2744,Miembeni ward
2,1082,2745,Mfumuni ward
2,1082,2746,Soweto ward
2,1082,2747,Bomambuzi ward
2,1082,2748,Ngambo ward
2,1082,2749,Shirimatunda ward
2,1083,2750,Same ward
2,1083,2751,Ruvu ward
2,1083,2752,Njoro ward
2,1083,2753,Kisiwani ward
2,1083,2754,Mshindo ward
2,1083,2755,Mshewa ward
2,1083,2756,Mhezi ward
2,1083,2757,Mwembe ward
2,1083,2758,Vudee ward
2,1083,2759,Vuje ward
2,1083,2760,Bombo ward
2,1083,2761,Mtii ward
2,1083,2762,Maore ward
2,1083,2763,Ndungu ward
2,1083,2764,Kihurio ward
2,1083,2765,Bendera ward
2,1083,2766,Myamba ward
2,1083,2767,Mpinji ward
2,1083,2768,Bwambo ward
2,1083,2769,Vunta ward
2,1083,2770,Chome ward
2,1083,2771,Suji ward
2,1083,2772,Makanya ward
2,1083,2773,Hedaru ward
2,1083,2774,Kirangare ward
2,1083,2775,Kisima ward
2,1083,2776,Stesheni ward
2,1083,2777,Vumari ward
2,1083,2778,Mabilion ward
2,1083,2779,Kalemawe ward
2,1083,2780,Lugulu ward
2,1084,2781,Buswelu ward
2,1084,2782,Nyakato ward
2,1084,2783,Nyamanoro ward
2,1084,2784,Kirumba ward
2,1084,2785,Kitangiri ward
2,1084,2786,Pasiansi ward
2,1084,2787,Ilemela ward
2,1084,2788,Bugogwa ward
2,1084,2789,Sangabuye ward
2,1085,2790,Malinyi ward
2,1085,2791,Biro Ward
2,1085,2792,Sofi ward
2,1085,2793,Kilosa mpepo ward
2,1085,2794,Mtimbira ward
2,1085,2795,Usangule ward
2,1085,2796,Njiwa ward
2,1086,2797,Nawenge ward
2,1086,2798,Makanga ward
2,1086,2799,Lupilo ward
2,1086,2800,Kidugalo ward
2,1086,2801,Mbuyuni ward
2,1087,2802,Kibaoni ward
2,1087,2803,Viwanja 60
2,1088,2804,Utengule ward
2,1088,2805,Masagati ward
2,1088,2806,Kamwene ward
2,1088,2807,Mlimba ward
2,1088,2808,Kalengakero ward
2,1088,2809,Chisano ward
2,1088,2810,Uchindile ward
2,1088,2811,Chinganda ward
2,1088,2812,Chita ward
2,1088,2813,Mngeta ward
2,1088,2814,Mchombe ward
2,1088,2815,Igina ward
2,1088,2816,Mbingu ward
2,1088,2817,Namwawala ward
2,1088,2818,Mofu ward
2,1088,2819,Idete ward
2,1088,2820,Signal ward
2,1088,2821,Kibebe ward
2,1088,2822,Kisawasawa ward
2,1088,2823,Mwaya ward
2,1088,2824,Mangula ward
2,1088,2825,Kidatu ward
2,1088,2826,Msolwa station ward
3,1000,1000,Bumula
3,1000,1001,Kabula
3,1000,1002,Khasoko
3,1000,1003,Kimaeti
3,1000,1004,Siboti
3,1000,1005,South Bukusu
3,1000,1006,West Bukusu Ward
3,1001,1007,Bwake/Luuya
3,1001,1008,Kabuchai/Chwele
3,1001,1009,Mukuyuni
3,1001,1010,West Nalondo
3,1002,1011,Bukembe East
3,1002,1012,Bukembe West
3,1002,1013,East Sang’alo
3,1002,1014,Khalaba
3,1002,1015,Marakutu
3,1002,1016,Musikoma
3,1002,1017,Township
3,1002,1018,Tuuti
3,1002,1019,West Sang’alo
3,1003,1020,Kamukuywa
3,1003,1021,Kibingei
3,1003,1022,Kimilili
3,1003,1023,Maeni
3,1004,1024,Cheptais
3,1004,1025,Chepyuk
3,1004,1026,Chesikaki
3,1004,1027,Elgon
3,1004,1028,Kapkateny
3,1004,1029,Kaptama
3,1005,1030,Lwandanyi
3,1005,1031,Malakisi/South Kulisuru
3,1005,1032,Namwela
3,1006,1033,Mbakalo
3,1006,1034,Milima
3,1006,1035,Naitiri/Kabuyefwe
3,1006,1036,Ndalu/Tabani
3,1006,1037,Soysambu/Mitua
3,1006,1038,Tongaren
3,1007,1039,Maraka
3,1007,1040,Mihuu
3,1007,1041,Ndivisi
3,1008,1042,Bokoli
3,1008,1043,Matulo
3,1008,1044,Sitikho
3,1009,1045,Bunyala Central
3,1009,1046,Bunyala North
3,1009,1047,Bunyala South
3,1009,1048,Bunyala West
3,1010,1049,Elugulu
3,1010,1050,Kingandole
3,1010,1051,Marachi Central
3,1010,1052,Marachi East
3,1010,1053,Marachi North
3,1010,1054,Marachi West
3,1011,1055,Ageng’a nanguba
3,1011,1056,Bwiri
3,1011,1057,Namboboto
3,1011,1058,Nambuku Nangina
3,1012,1059,Buhayo West
3,1012,1060,Burumba
3,1012,1061,Busibwabo
3,1012,1062,Matayos South
3,1012,1063,Mayenje
3,1013,1064,Buhayo Central
3,1013,1065,Buhayo East
3,1013,1066,Bukhayo North/Waltsi
3,1013,1067,Nambale Township
3,1014,1068,Ang’urai East
3,1014,1069,Ang’urai North
3,1014,1070,Ang’urai South
3,1014,1071,Malaba Central
3,1014,1072,Malaba North
3,1014,1073,Malaba South
3,1015,1074,Amukura Central
3,1015,1075,Amukura East
3,1015,1076,Amukura West
3,1015,1077,Angorom
3,1015,1078,Chakol North
3,1015,1079,Chakol South
3,1016,1080,Homa bay Arujo
3,1016,1081,Homa bay Central
3,1016,1082,Homa bay East
3,1016,1083,Homa bay West
3,1017,1084,Kabondo East
3,1017,1085,Kabondo West
3,1017,1086,Kojwach
3,1017,1087,Kokwanyo/Kakelo
3,1018,1088,Central
3,1018,1089,Central Kanyaluo
3,1018,1090,Kendu Bay Town
3,1018,1091,Kibiri
3,1018,1092,North Karachuonyo
3,1018,1093,Wangchieng’
3,1018,1094,West Karachuonyo
3,1019,1095,Central Kasipul
3,1019,1096,East Kamagak
3,1019,1097,South Kasipul
3,1019,1098,West Kamagak
3,1019,1099,West Kasipul
3,1020,1100,Kabuoch North
3,1020,1101,Kabuoch South/Pala
3,1020,1102,Kanyadoto
3,1020,1103,Kanyamwa Kalogi
3,1020,1104,Kanyamwa Kosewe
3,1020,1105,Kanyikela
3,1020,1106,Kwabwai
3,1021,1107,East Gem
3,1021,1108,Kagan
3,1021,1109,Kochia
3,1021,1110,West Gem
3,1022,1111,Gembe
3,1022,1112,Kasgunga
3,1022,1113,Lambwe
3,1022,1114,Mfangano Island
3,1022,1115,Rusinga Island
3,1023,1116,Gwassi North
3,1023,1117,Gwassi South
3,1023,1118,Kaksingri west
3,1023,1119,Ruma Kaksingri East
3,1024,1120,Marama central
3,1024,1121,Marama north
3,1024,1122,Marama south
3,1024,1123,Marama west
3,1024,1124,Marenyo-shianda
3,1025,1125,Idakho central
3,1025,1126,Idakho east
3,1025,1127,Idakho north
3,1025,1128,Idakho south
3,1026,1129,Kisa central
3,1026,1130,Kisa east
3,1026,1131,Kisa north
3,1026,1132,Kisa west
3,1027,1133,Kongoni
3,1027,1134,Likuyani
3,1027,1135,Nzoia
3,1027,1136,Sango
3,1027,1137,Sinoko
3,1028,1138,Chekalini
3,1028,1139,Chevaywa
3,1028,1140,Lugari
3,1028,1141,Lumakanda
3,1028,1142,Lwandeti
3,1028,1143,Mautuma
3,1029,1144,Butsotso central
3,1029,1145,Butsotso east
3,1029,1146,Butsotso south
3,1029,1147,Mahiakalo
3,1029,1148,Shieywe
3,1029,1149,Shirere
3,1030,1150,Butali/chegulo
3,1030,1151,Chemuche
3,1030,1152,East kabaras
3,1030,1153,Manda-shivanga
3,1030,1154,Shirugu-mugai
3,1030,1155,South kabaras
3,1030,1156,West kabaras
3,1031,1157,Khalaba
3,1031,1158,Kholera
3,1031,1159,Koyonzo
3,1031,1160,Mayoni
3,1031,1161,Namamali
3,1032,1162,East Wanga
3,1032,1163,Lusheya-lubinu
3,1032,1164,Malaha-isongo-makunga
3,1033,1165,Etenje
3,1033,1166,Mumias Central
3,1033,1167,Mumias north
3,1033,1168,Musanda
3,1034,1169,Bunyala Central
3,1034,1170,Bunyala east
3,1034,1171,Bunyala West
3,1034,1172,Ingotse-matiha
3,1034,1173,Shinoyi-shikomari-esumeiya
3,1035,1174,Isukha Central
3,1035,1175,Isukha East
3,1035,1176,Isukha North
3,1035,1177,Isukha South
3,1035,1178,Isukha West
3,1035,1179,Murhanda
3,1036,1180,Bassi Bogetaorio
3,1036,1181,Bassi Central
3,1036,1182,Bobasi Chache
3,1036,1183,Bobasi/Boitangare
3,1036,1184,Masige East
3,1036,1185,Masige West
3,1036,1186,Nyacheki
3,1036,1187,Sameta/Mokwerero
3,1037,1188,Boochi/Tendere
3,1037,1189,Bosoti/Sengera
3,1037,1190,Machoge Basi
3,1038,1191,Bokimonge
3,1038,1192,Boochi Borabu
3,1038,1193,Borabu Masaba
3,1038,1194,Magenche
3,1039,1195,Bogiakumu
3,1039,1196,Bokeira
3,1039,1197,Bomariba
3,1039,1198,Riana
3,1040,1199,Marani
3,1040,1200,Monyerero
3,1040,1201,Mwamonari
3,1040,1202,Sensi
3,1041,1203,Bogeka
3,1041,1204,Bogusero
3,1041,1205,Kitutu Central
3,1041,1206,Nyakoe
3,1041,1207,Nyatieko
3,1042,1208,Birongo
3,1042,1209,Bobaracho
3,1042,1210,Ibeno
3,1042,1211,Keumbu
3,1042,1212,Kiogoro
3,1042,1213,Kisii Central
3,1043,1214,Gesusu
3,1043,1215,Ichuni
3,1043,1216,Kiamokana
3,1043,1217,Masimba
3,1043,1218,Nyamasibi
3,1044,1219,Bogetenga
3,1044,1220,Boikanga
3,1044,1221,Borabu/Chitago
3,1044,1222,Getenga
3,1044,1223,Moticho
3,1044,1224,Tabaka
3,1045,1225,Kondele
3,1045,1226,Market Milimani
3,1045,1227,Migosi
3,1045,1228,Nyalenda B
3,1045,1229,Railways
3,1045,1230,Shauri Moyo Kaloleni
3,1046,1231,Kajulu
3,1046,1232,Kolwa Central
3,1046,1233,Kolwa East
3,1046,1234,Manyatta ‘B’
3,1046,1235,Nyalenda ‘A’
3,1047,1236,Central Kisumu
3,1047,1237,East Kisumu
3,1047,1238,Kisumu North
3,1047,1239,North West Kisumu
3,1047,1240,South West Kisumu
3,1047,1241,West Kisumu
3,1048,1242,Chemelil/Tamu
3,1048,1243,Masogo/Nyang’oma
3,1048,1244,Miwani
3,1048,1245,Muhoroni-Koru
3,1048,1246,Ombeyi
3,1049,1247,Central Nyakach
3,1049,1248,North Nyakach
3,1049,1249,South East Nyakach
3,1049,1250,South West Nyakach
3,1049,1251,West Nyakach
3,1050,1252,Ahero
3,1050,1253,Awasi/Onjiko
3,1050,1254,East Kano/ Wawidhi
3,1050,1255,Kabonyo/Kanyag Wal
3,1050,1256,Kobura
3,1051,1257,Central Seme?? 
3,1051,1258,East Seme?? 
3,1051,1259,North Seme
3,1051,1260,West Seme
3,1052,1261,Kyagwithya West
3,1052,1262,Kyangwithya East
3,1052,1263,Miambani
3,1052,1264,Mulango
3,1052,1265,Township
3,1053,1266,Chuluni
3,1053,1267,Endau/Malalani
3,1053,1268,Mutito/Kaliku
3,1053,1269,Nzambani
3,1053,1270,Voo/Kyamatu
3,1053,1271,Zombe/Mwitika
3,1054,1272,Chuluni
3,1054,1273,Endau/Malalani
3,1054,1274,Mutito/Kaliku
3,1054,1275,Nzambani
3,1054,1276,Voo/Kyamatu
3,1054,1277,Zombe/Mwitika
3,1055,1278,Kanyangi
3,1055,1279,Kisasi
3,1055,1280,Kwavonza/Yatta
3,1055,1281,Mbitini
3,1056,1282,Athi
3,1056,1283,Ikanga/Kyatume
3,1056,1284,Ikutha
3,1056,1285,Kanziko
3,1056,1286,Mutha
3,1056,1287,Mutomo
3,1057,1288,Kwa Mutonga/Kithum Ula
3,1057,1289,Matinyani
3,1057,1290,Mutonguni
3,1058,1291,Kyuso
3,1058,1292,Mumoni
3,1058,1293,Ngomeni
3,1058,1294,Tharaka
3,1058,1295,Tseikuru
3,1059,1296,Kiomo/Kyethani
3,1059,1297,Kyome/Thaana
3,1059,1298,Migwani
3,1059,1299,Nguutani
3,1060,1300,Ilima
3,1060,1301,Kee
3,1060,1302,Kilungu
3,1060,1303,Ukia
3,1061,1304,Ivingoni/Nzambani
3,1061,1305,Masongaleni
3,1061,1306,Mtito Andei
3,1061,1307,Thange
3,1062,1308,Kikumbulyu North
3,1062,1309,Kikumbulyu South
3,1062,1310,Makindu
3,1062,1311,Nguumo
3,1063,1312,Kasikeu
3,1063,1313,Kiima kiu-Kalanzoni
3,1063,1314,Mukaa
3,1064,1315,Emali/Mulala
3,1064,1316,Kathonzweni
3,1064,1317,Kitise/Kithuki
3,1064,1318,Mavindini
3,1064,1319,Muvau /Kikumini
3,1064,1320,Nguu/Masumba
3,1064,1321,Wote
3,1065,1322,Kalawa
3,1065,1323,Kiteta Kisau
3,1065,1324,Kithungo/Kitundu
3,1065,1325,Mbooni
3,1065,1326,Tulimani
3,1065,1327,Waia-Kako
3,1066,1328,Central Sakwa
3,1066,1329,North East Sakwa
3,1066,1330,South Sakwa
3,1066,1331,West Sakwa
3,1067,1332,Bukira Central/Ikerege
3,1067,1333,Bukira East
3,1067,1334,Gokeharaka/Getambwega Ward
3,1067,1335,Isibania
3,1067,1336,Makerero
3,1067,1337,Masaba
3,1067,1338,Nyamosense/Komosoko
3,1067,1339,Tagare
3,1068,1340,Got Kachola
3,1068,1341,Kachieng’
3,1068,1342,Kaler
3,1068,1343,Kanyasa
3,1068,1344,Macalder/Kanyarwanda
3,1068,1345,Muhuru
3,1068,1346,North Kadem
3,1069,1347,Central Kamagambo
3,1069,1348,East Kamagambo
3,1069,1349,North Kamagambo
3,1069,1350,South Kamagambo
3,1070,1351,God Jope
3,1070,1352,Kakrao
3,1070,1353,Kwa
3,1070,1354,Suna Central
3,1071,1355,Ragan-Oruba
3,1071,1356,Wasimbete
3,1071,1357,Wasweta II
3,1071,1358,Wiga
3,1072,1359,Central Kanyamkago
3,1072,1360,East Kanyamkago
3,1072,1361,North Kanyamkago
3,1072,1362,Ntimaru East
3,1072,1363,Ntimaru West
3,1072,1364,Nyabasi East
3,1072,1365,Nyabasi West
3,1072,1366,South Kanyamkago
3,1072,1367,West Kanyamkago
3,1073,1368,Central Alego
3,1073,1369,North Alego
3,1073,1370,Siaya Township
3,1073,1371,South East Alego
3,1073,1372,Usonga
3,1073,1373,West Alego
3,1074,1374,Central Sakwa
3,1074,1375,North Sakwa
3,1074,1376,South Sakwa
3,1074,1377,Wedst Yimbo
3,1074,1378,West Sakwa
3,1074,1379,Yimbo East
3,1075,1380,Central Gem
3,1075,1381,Gem East
3,1075,1382,North Gem
3,1075,1383,South Gem
3,1075,1384,West Gem
3,1075,1385,Yala Township
3,1076,1386,East Asembo
3,1076,1387,North Uyoma
3,1076,1388,South Uyoma
3,1076,1389,West Asembo
3,1076,1390,West Uyoma
3,1077,1391,East Ugenya
3,1077,1392,North Ugenya
3,1077,1393,Ukwala
3,1077,1394,West Ugenya
3,1078,1395,Sidindi
3,1078,1396,Sigomre
3,1078,1397,Ugunja township
3,1079,1398,Bura
3,1079,1399,Chawia
3,1079,1400,Mwatate
3,1079,1401,Ronge
3,1079,1402,Wusi Kishamba
3,1080,1403,Bomani
3,1080,1404,Chala
3,1080,1405,Mahoo
3,1080,1406,Mata
3,1080,1407,Mboghoni
3,1081,1408,Kaloleni
3,1081,1409,Kasigau
3,1081,1410,Marungu
3,1081,1411,Mbololo
3,1081,1412,Ngolia
3,1081,1413,Sagalla
3,1082,1414,Mwanda-Mghange
3,1082,1415,Werugha
3,1082,1416,Wumingu-Kishushe
3,1082,1417,Wundanyi-Mbale
3,1083,1418,Central Bunyore
3,1083,1419,North East Bunyore
3,1083,1420,West Bunyore
3,1084,1421,Banja
3,1084,1422,Gisambai
3,1084,1423,Jepkoyai
3,1084,1424,Muhundu
3,1084,1425,Shamakhokho
3,1084,1426,Shiru
3,1084,1427,Tambua
3,1085,1428,Emabungo
3,1085,1429,Luanda South
3,1085,1430,Luanda Township
3,1085,1431,Mwibona
3,1085,1432,Wemilabi
3,1086,1433,Busali
3,1086,1434,Chavakali
3,1086,1435,Lyaaduywa/Izava
3,1086,1436,North Maragoli
3,1086,1437,West Sabatia
3,1086,1438,Wodanga
3,1087,1439,Central Maragoli
3,1087,1440,Mungoma
3,1087,1441,South Maragoli
3,1087,1442,Wamuluma/Lugaga
1,1,1,Dangila Town
1,1,2,Dangila Zuria
1,1,3,Guangua
1,1,4,Injibara
1,2,5,Awobel
1,2,6,Debre Markos
1,2,7,Dejen
1,2,8,Gozamin
1,2,9,Machakel
1,3,10,Denbiya
1,3,11,Gondar Town
1,3,12,Gonder Zuria
1,3,13,Lay Armacho
1,4,14,Angolela Tera
1,4,15,Basona Worana
1,4,16,DebreBirhan Town
1,4,17,Tarma Ber
1,5,18,Guba Lafto
1,5,19,Habru
1,5,20,Meket
1,6,21,Andabet
1,6,22,Dera
1,6,23,Farta
1,6,24,Fogera
1,7,25,Dessie Town
1,7,26,Dessie Zuria
1,7,27,Kalu
1,7,28,Kombolcha
1,7,29,Werebabo
1,8,30,Bahir Dar Town
1,8,31,Bahir Dar Zuria
1,8,32,Bure
1,8,33,Mecha
1,8,34,South Achefer
1,8,35,Wenberima
1,8,36,Yilmana Densa
1,9,37,Digalu Tijo
1,9,38,Hetosa
1,9,39,Lemu Bilbilo
1,9,40,Lode Hetosa
1,9,41,Tiyo
1,10,42,Ada'a
1,10,43,Adama
1,10,44,Bosat
1,10,45,Lume
1,11,46,Digga
1,11,47,Gobu Sayo
1,11,48,Guto Gidda
1,11,49,Jima Arjo
1,11,50,Leka Dulecha
1,11,51,Sibu Sire
1,11,52,Wayu Tuka
1,12,53,Akaki
1,12,54,Berek
1,12,55,Mulo
1,12,56,Sebeta Hawas
1,12,57,Welmera
1,12,58,Sululta
1,12,59,Mulo
1,13,60,Alaltu
1,13,61,Debre Libanos
1,13,62,Degem
1,13,63,Girar Jarso
1,13,64,Jida
1,13,65,Kimbibit
1,13,66,Kuyu
1,13,67,Wachale
1,13,68,Wara Jarso
1,14,69,Arsi Negele
1,14,70,Dodola
1,14,71,Gedeb Asasa
1,14,72,Kofele
1,14,73,Shashemene
1,15,74,Ambo
1,15,75,Bako Tibe
1,15,76,Dendi
1,15,77,Ejere
1,15,78,Toko Kutaye
1,16,79,Chencha
1,17,80,Gumer
1,17,81,Meskan
1,18,82,Hosanna Town
1,18,83,Lemo
1,21,84,Hawassa Town
1,20,85,Demboya
1,20,86,Kachabira
1,20,87,Kedida Gamela
1,21,88,Dale
1,21,89,Wendo Genet
1,22,90,Damot Gale
1,22,91,Sodo Town
1,22,92,Sodo Zuria
1,23,93,Adwa
1,23,94,Laelay Maychew
1,24,95,Ganta Afeshum
1,24,96,Hawzen
1,24,97,Kilite Awlalo
1,24,98,Saesie Tsaeda Emba
1,25,99,Tahtay Koraro
1,26,100,Dega Temben
1,27,101,Enda Mehoni
1,26,102,Enderta
1,26,103,Mekelle
1,28,104,Woreda_1
1,28,105,Woreda_2
1,28,106,Woreda_3
1,28,107,Woreda_4
1,28,108,Woreda_5
1,28,109,Woreda_6
1,28,110,Woreda_7
1,28,111,Woreda_8
1,28,112,Woreda_9
1,28,113,Woreda_10
1,28,114,Woreda_11
1,29,115,Woreda_1
1,29,116,Woreda_2
1,29,117,Woreda_3
1,29,118,Woreda_4
1,29,119,Woreda_5
1,29,120,Woreda_6
1,29,121,Woreda_7
1,29,122,Woreda_8
1,29,123,Woreda_9
1,29,124,Woreda_10
1,29,125,Woreda_11
1,30,126,Woreda_1
1,30,127,Woreda_2
1,30,128,Woreda_3
1,30,129,Woreda_4
1,30,130,Woreda_5
1,30,131,Woreda_6
1,30,132,Woreda_7
1,30,133,Woreda_8
1,30,134,Woreda_9
1,30,135,Woreda_10
1,31,136,Woreda_1
1,31,137,Woreda_2
1,31,138,Woreda_3
1,31,139,Woreda_4
1,31,140,Woreda_5
1,31,141,Woreda_6
1,31,142,Woreda_7
1,31,143,Woreda_8
1,31,144,Woreda_9
1,31,145,Woreda_10
1,31,146,Woreda_11
1,31,147,Woreda_12
1,31,148,Woreda_13
1,31,149,Woreda_14
1,32,150,Woreda_1
1,32,151,Woreda_2
1,32,152,Woreda_3
1,32,153,Woreda_4
1,32,154,Woreda_5
1,32,155,Woreda_6
1,32,156,Woreda_7
1,32,157,Woreda_8
1,32,158,Woreda_9
1,32,159,Woreda_10
1,33,160,Woreda_1
1,33,161,Woreda_2
1,33,162,Woreda_3
1,33,163,Woreda_4
1,33,164,Woreda_5
1,33,165,Woreda_6
1,33,166,Woreda_7
1,33,167,Woreda_8
1,33,168,Woreda_9
1,33,169,Woreda_10
1,34,170,Woreda_1
1,34,171,Woreda_2
1,34,172,Woreda_3
1,34,173,Woreda_4
1,34,174,Woreda_5
1,34,175,Woreda_6
1,34,176,Woreda_7
1,34,177,Woreda_8
1,34,178,Woreda_9
1,34,179,Woreda_10
1,34,180,Woreda_11
1,34,181,Woreda_12
1,34,182,Woreda_13
1,34,183,Woreda_14
1,34,184,Woreda_15
1,35,185,Woreda_1
1,35,186,Woreda_2
1,35,187,Woreda_3
1,35,188,Woreda_4
1,35,189,Woreda_5
1,35,190,Woreda_6
1,35,191,Woreda_7
1,35,192,Woreda_8
1,35,193,Woreda_9
1,35,194,Woreda_10
1,36,195,Woreda_1
1,36,196,Woreda_2
1,36,197,Woreda_3
1,36,198,Woreda_4
1,36,199,Woreda_5
1,36,200,Woreda_6
1,36,201,Woreda_7
1,36,202,Woreda_8
1,36,203,Woreda_9
1,36,204,Woreda_10
1,36,205,Woreda_11
1,36,206,Woreda_12
1,36,207,Woreda_13
1,37,208,Woreda_1
1,37,209,Woreda_2
1,37,210,Woreda_3
1,37,211,Woreda_4
1,37,212,Woreda_5
1,37,213,Woreda_6
1,37,214,Woreda_7
1,37,215,Woreda_8
1,37,216,Woreda_9
1,37,217,Woreda_10
1,3,218,Libo Kemkem
1,7,219,Kutaber
1,10,220,Bora
1,14,221,Kore
1,14,222,Adaba
1,20,223,Doyo gena
1,20,224,Durame
1,20,225,Hadero Tunto
1,38,226,Gedeb
1,15,227,Ejersa Lafo
1,21,228,Hawassa Zuria
1,26,229,Hintalo Wajirat
1,39,230,Jamma Town
1,6,231,Banja
1,8,232,North Achefer
1,27,233,Emba-Alge
1,27,234,Alamata
1,23,235,Ahferom
1,20,236,Angacha
1,8,237,Quarit
1,12,239,Chancho
1,37,240,Woreda_11
1,37,241,Woreda_12
1,37,242,Woreda_13
1,40,243,Alagae
1,41,244,Agarfa Woreda
1,3,245,Dabata
1,42,246,Dewa Cheffa
1,6,247,Debre Tabor Town
1,1,248,Fagitalekoma
1,43,249,Kafta humera
1,27,250,Ofla
1,44,251,woliso
1,44,252,Becho
1,45,253,Harameaya
1,10,254,Dugda
1,42,255,Kemissie Town Administration
1,17,256,Cheha
1,18,257,Anliemo
1,46,258,chencha
1,20,259,Kacha Bira
1,47,260,Yemerab azerente
1,21,261,Shebedino
1,21,262,Dara
1,21,263,Aleta chiko
1,48,329,Bonga
1,48,330,Gimbo
1,4,269,Hagere Mariamna Kesem
1,49,331,Mizan Aman
1,50,332,Yeki
1,8,265,Quarit
1,8,266,South Mecha
1,1,267,Faggeta Lekoma
1,7,268,Tehuledere
1,4,270,Siyadebrina Wayu
1,7,271,Tehuledere
1,4,272,Moretna Jiru
1,7,273,Haike
1,4,274,Efratana Gidim
1,1,275,Guagusa Shekudad
1,2,276,Enarj Enawga
1,2,277,Machkel
1,8,278,Gonji Kolela
1,2,279,Hulet Ej Enese
1,2,280,Gozamn
1,2,281,Enemay
1,8,282,Dembecha
1,8,283,Jabi Tehnan
1,8,284,Finote Selam
1,5,285,Raya Kobo
1,6,286,Lay Gayint
1,6,287,Libo Kemkem
1,6,288,Tach Gayint
1,5,289,Wadla
1,4,291,Wuchale
1,15,292,Midakegn
1,10,293,Ejersa Lafto
1,15,294,Jeldu
1,15,295,Ada Berga
1,15,296,Jibat
1,11,297,Boneya Boshe
1,11,298,Nunu Kumba
1,11,299,Ibantu
1,11,300,Gudaya Bila
1,18,301,Misrak Badawacho
1,18,302,Ana Lemo
1,18,303,Shone Town
1,22,306,Boloso Sore
1,42,307,Alicho Werero
1,16,308,Kanba
1,22,309,Damot Pulasa
1,22,310,Boditi Town
1,22,311,Areka Town
1,21,312,Shebedino
1,21,313,Aleta Wondo
1,21,314,Yirgalem Town
1,17,315,Ezha
1,27,317,Raya Azebo
1,24,318,Atsbi Wenberta
1,27,319,Emba Alaje
1,26,320,Hintalo Wajirat
1,27,321,Raya Alamata
1,26,322,Seharti Samre
1,23,323,Kola Temben
1,25,324,Medebay Zana
1,23,325,Tahtay Maychew
1,24,326,Gulo Mekeda
1,23,327,Ahferom
1,8,328,North Achefere
5,1,1,Pelusa
5,1,2,Kayuni
5,2,3,Kaumba
5,2,4,Kayuni
5,3,5,Batoka
5,3,6,Mutandalike
5,4,7,Kalomo Central
5,4,8,Bbelo
5,5,9,Zimba Central
5,5,10,Luyaba
5,6,11,Kabulamwanda
5,6,12,Nchole
5,6,13,Chitongo
2,1089,2827,Mpwapwa
4,2,3,Modern Market
4,1,2,Ola Oluwa
4,3,1,Mbater
4,4,4,Mayo-Ndaga
4,5,5,Ododo
4,6,6,Gaube
4,7,7,Mbilinyi
3,1088,1445,Tagare
3,1088,1446,Komosoko/Nyamosense
3,1088,1447,Kombe
3,1089,1448,Nyabasi East
3,1089,1449,Nyabasi west
3,1090,1450,Ntimaru west
3,1090,1451,Ntimaru east
3,1091,1452,Ikerege
3,1091,1453,Bukira east/kehancha
3,1091,1454,Gitambwega
3,1091,1455,Gokeharaka
3,1091,1456,Isebania
3,1091,1457,Makerero
3,1092,1458,Kivou
3,1092,1459,central
3,1092,1460,Nguni
3,1092,1461,Nuu
3,1092,1462,Waita
3,1092,1463,Mui
3,1093,1464,Aldai
3,1098,1465,Chemelil/Chemase
3,1094,1466,CHEMUNDU/KAPNG'ETUNY
3,1095,1467,Chepkumia
3,1097,1468,Chepkunyuk
3,1096,1469,Chepterwai
3,1094,1470,Chesumei
3,1095,1471,Emgwen
3,1096,1472,Kabisaga
3,1096,1473,Kabiyet
3,1093,1474,Kabwareng
3,1097,1475,Kapchorua
3,1095,1476,Kapkangani
3,1095,1477,Kapsabet
3,1098,1478,Kapsimotwo
3,1094,1479,Kaptel/Kamoiywo
3,1093,1480,KAPTUMO-KABOI
3,1093,1481,Kemeloi-Maraba
3,1095,1482,Kilibwoni
3,1096,1483,Kipkaren
3,1094,1484,Kiptuya
3,1093,1485,Kobujoi
3,1094,1486,Kosirai
3,1093,1487,Koyo/Ndurio
3,1096,1488,Kurgung/Surungai
3,1094,1489,Lelmokwo/Ngechek
3,1096,1490,Mosop
3,1097,1491,Nandi Hills
3,1096,1492,Ndalat
3,1097,1493,Ol'Lessos
3,1096,1494,Sangalo/Kebulonik
3,1098,1495,Songhor/Soba
3,1093,1496,Terik
3,1098,1497,Tinderet
3,1098,1498,Tindiret
1,51,333,woreda_1
1,51,334,woreda_2
1,51,335,woreda_3
1,51,336,woreda_4
1,51,337,woreda_5
1,51,338,woreda_6
1,51,339,woreda_7
1,51,340,woreda_8
1,51,341,woreda_9
1,51,342,woreda_10
6,1051,1000,LABWOR COUNTY
6,1104,1001,EAST MOYO COUNTY
6,1075,1002,AGAGO COUNTY
6,1076,1003,AJURI COUNTY
6,1076,1004,MOROTO COUNTY
6,1077,1005,KIOGA COUNTY
6,1052,1006,UPE COUNTY
6,1024,1007,AMURIA COUNTY
6,1024,1008,KAPELEBYONG COUNTY
6,1078,1009,KILAK COUNTY
6,1079,1010,KWANIA COUNTY
6,1079,1011,MARUZI COUNTY
6,1105,1012,ARUA MUNICIPALITY
6,1105,1013,AYIVU COUNTY
6,1105,1014,MADI-OKOLLO COUNTY
6,1105,1015,TEREGO COUNTY
6,1105,1016,VURRA COUNTY
6,1032,1017,BUDAKA COUNTY
6,1032,1018,IKI-IKI COUNTY
6,1033,1019,MANJIYA COUNTY
6,1058,1020,BUKOOLI COUNTY CENTRAL
6,1058,1021,BUKOOLI COUNTY NORTH
6,1090,1022,BUHWEJU COUNTY
6,1046,1023,BUIKWE COUNTY NORTH
6,1046,1024,BUIKWE COUNTY SOUTH
6,1046,1025,BUIKWE COUNTY WEST
6,1025,1026,BUKEDEA COUNTY
6,1011,1027,BUKOMANSIMBI COUNTY
6,1034,1028,KONGASIS COUNTY
6,1035,1029,BULAMBULI COUNTY
6,1000,1030,BULIISA COUNTY
6,1068,1031,BUGHENDERA COUNTY
6,1068,1032,BWAMBA COUNTY
6,1091,1033,BUSHENYI -ISHAKA MUNICIPALITY
6,1091,1034,IGARA COUNTY EAST
6,1091,1035,IGARA COUNTY WEST
6,1036,1036,BUSIA MUNICIPALITY
6,1036,1037,SAMIA BUGWE COUNTY NORTH
6,1036,1038,SAMIA BUGWE COUNTY SOUTH
6,1037,1039,BUNYOLE EAST COUNTY
6,1037,1040,BUNYOLE WEST COUNTY
6,1012,1041,BUTAMBALA COUNTY
6,1047,1042,BUVUMA ISLANDS COUNTY
6,1059,1043,BUDIOPE EAST COUNTY
6,1059,1044,BUDIOPE WEST COUNTY
6,1080,1045,DOKOLO COUNTY
6,1013,1046,GOMBA COUNTY
6,1081,1047,ASWA COUNTY
6,1081,1048,GULU MUNICIPALITY
6,1081,1049,OMORO COUNTY
6,1001,1050,BUGAHYA COUNTY
6,1001,1051,BUHAGUZI COUNTY
6,1001,1052,HOIMA MUNICIPALITY
6,1092,1053,IBANDA COUNTY NORTH
6,1092,1054,IBANDA COUNTY SOUTH
6,1060,1055,BUGWERI COUNTY
6,1060,1056,IGANGA MUNICIPALITY
6,1060,1057,KIGULU COUNTY NORTH
6,1060,1058,KIGULU COUNTY SOUTH
6,1093,1059,BUKANGA COUNTY
6,1093,1060,ISINGIRO COUNTY NORTH
6,1093,1061,ISINGIRO COUNTY SOUTH
6,1061,1062,BUTEMBE COUNTY
6,1061,1063,JINJA MUNICIPALITY EAST
6,1061,1064,JINJA MUNICIPALITY WEST
6,1061,1065,KAGOMA COUNTY
6,1053,1066,DODOTH EAST COUNTY
6,1053,1067,DODOTH WEST COUNTY
6,1094,1068,KABALE MUNICIPALITY
6,1094,1069,NDORWA COUNTY EAST
6,1094,1070,NDORWA COUNTY WEST
6,1094,1071,RUBANDA COUNTY EAST
6,1094,1072,RUBANDA COUNTY WEST
6,1094,1073,RUKIGA COUNTY
6,1069,1074,BUNYANGABU COUNTY
6,1069,1075,BURAHYA COUNTY
6,1069,1076,FORT PORTAL MUNICIPALITY
6,1026,1077,KABERAMAIDO COUNTY
6,1026,1078,KALAKI COUNTY
6,1014,1079,BUJUMBA COUNTY
6,1014,1080,KYAMUSWA COUNTY
6,1062,1081,BULAMOGI COUNTY
6,1015,1082,KALUNGU COUNTY EAST
6,1015,1083,KALUNGU COUNTY WEST
6,1048,1084,KAMPALA CENTRAL DIVISION
6,1048,1085,KAWEMPE DIVISION NORTH
6,1048,1086,KAWEMPE DIVISION SOUTH
6,1048,1087,MAKINDYE DIVISION EAST
6,1048,1088,MAKINDYE DIVISION WEST
6,1048,1089,NAKAWA DIVISION
6,1048,1090,RUBAGA DIVISION NORTH
6,1048,1091,RUBAGA DIVISION SOUTH
6,1063,1092,BUGABULA COUNTY NORTH
6,1063,1093,BUGABULA COUNTY SOUTH
6,1063,1094,BUZAAYA COUNTY
6,1070,1095,KIBALE COUNTY
6,1070,1096,KITAGWENDA COUNTY
6,1095,1097,KINKIZI COUNTY EAST
6,1095,1098,KINKIZI COUNTY WEST
6,1038,1099,TINGEY COUNTY
6,1071,1100,BUKONJO COUNTY WEST
6,1071,1101,BUKONZO COUNTY  EAST
6,1071,1102,BUSONGORA COUNTY NORTH
6,1071,1103,BUSONGORA COUNTY SOUTH
6,1071,1104,KASESE MUNICIPALITY
6,1027,1105,TOROMA COUNTY
6,1027,1106,USUK COUNTY
6,1005,1107,BBAALE COUNTY
6,1005,1108,NTENJERU COUNTY NORTH
6,1005,1109,NTENJERU COUNTY SOUTH
6,1002,1110,BUGANGAIZI EAST COUNTY
6,1002,1111,BUGANGAIZI WEST COUNTY
6,1002,1112,BUYAGA EAST COUNTY
6,1002,1113,BUYAGA WEST COUNTY
6,1002,1114,BUYANJA COUNTY
6,1006,1115,KIBOGA  EAST COUNTY
6,1039,1116,KIBUKU COUNTY
6,1096,1117,KAZO COUNTY
6,1096,1118,NYABUSHOZI COUNTY
6,1003,1119,KIBANDA COUNTY
6,1097,1120,BUFUMBIRA COUNTY EAST
6,1097,1121,BUFUMBIRA COUNTY NORTH
6,1097,1122,BUFUMBIRA COUNTY SOUTH
6,1082,1123,CHUA COUNTY
6,1106,1124,KOBOKO COUNTY
6,1083,1125,KOLE COUNTY
6,1054,1126,JIE COUNTY
6,1028,1127,KUMI COUNTY
6,1040,1128,KWEEN COUNTY
6,1007,1129,KIBOGA  WEST COUNTY
6,1072,1130,KYAKA COUNTY
6,1073,1131,MWENGE COUNTY NORTH
6,1073,1132,MWENGE COUNTY SOUTH
6,1084,1133,LAMWO COUNTY
6,1085,1134,ERUTE COUNTY NORTH
6,1085,1135,ERUTE COUNTY SOUTH
6,1085,1136,LIRA MUNICIPALITY
6,1064,1137,LUUKA COUNTY
6,1008,1138,BAMUNANIKA COUNTY
6,1008,1139,KATIKAMU COUNTY NORTH
6,1008,1140,KATIKAMU COUNTY SOUTH
6,1016,1141,BUKOTO COUNTY MID-WEST
6,1016,1142,BUKOTO COUNTY WEST
6,1016,1143,BUKOTO COUNTYSOUTH
6,1017,1144,KABULA COUNTY
6,1041,1145,BUBULO COUNTY EAST
6,1041,1146,BUBULO COUNTY WEST
6,1107,1147,MARACHA COUNTY
6,1018,1148,BUKOTO COUNTY CENTRAL
6,1018,1149,BUKOTO COUNTY EAST
6,1018,1150,MASAKA MUNICIPALITY
6,1004,1151,BUJENJE COUNTY
6,1004,1152,BURULI COUNTY
6,1004,1153,MASINDI MUNICIPALITY
6,1065,1154,BUNYA COUNTY EAST
6,1065,1155,BUNYA COUNTY SOUTH
6,1065,1156,BUNYA COUNTY WEST
6,1042,1157,BUNGOKHO COUNTY NORTH
6,1042,1158,BUNGOKHO COUNTY SOUTH
6,1042,1159,MBALE MUNICIPALITY
6,1098,1160,KASHARI COUNTY
6,1098,1161,MBARARA MUNICIPALITY
6,1098,1162,RWAMPARA COUNTY
6,1099,1163,RUHINDA COUNTY
6,1019,1164,BUSUJJU COUNTY
6,1019,1165,MITYANA COUNTY NORTH
6,1019,1166,MITYANA COUNTY SOUTH
6,1055,1167,MATHENIKO COUNTY
6,1055,1168,MOROTO MUNICIPALITY
6,1108,1169,OBONGI COUNTY
6,1108,1170,WEST MOYO COUNTY
6,1020,1171,MAWOKOTA COUNTY NORTH
6,1020,1172,MAWOKOTA COUNTY SOUTH
6,1021,1173,BUWEKULA COUNTY
6,1021,1174,KASAMBYA COUNTY
6,1021,1175,KASSANDA COUNTY NORTH
6,1021,1176,KASSANDA COUNTY SOUTH
6,1049,1177,MUKONO COUNTY NORTH
6,1049,1178,MUKONO COUNTY SOUTH
6,1049,1179,MUKONO MUNICIPALITY
6,1049,1180,NAKIFUMA COUNTY
6,1056,1181,CHEKWII COUNTY (KADAM)
6,1056,1182,PIAN COUNTY
6,1009,1183,NAKASEKE NORTH COUNTY
6,1009,1184,NAKASEKE SOUTH COUNTY
6,1010,1185,BUDYEBO COUNTY
6,1010,1186,NAKASONGOLA COUNTY
6,1066,1187,BUKOOLI ISLAND COUNTY
6,1066,1188,BUKOOLI SOUTH COUNTY
6,1067,1189,BUSIKI COUNTY
6,1057,1190,BOKORA COUNTY
6,1109,1191,JONAM COUNTY
6,1109,1192,PADYERE COUNTY
6,1029,1193,NGORA COUNTY
6,1074,1194,NTOROKO COUNTY
6,1100,1195,KAJARA COUNTY
6,1100,1196,NTUNGAMO MUNICIPALITY
6,1100,1197,RUHAAMA COUNTY
6,1100,1198,RUSHENYI COUNTY
6,1086,1199,NWOYA COUNTY
6,1087,1200,OTUKE COUNTY
6,1088,1201,OYAM COUNTY NORTH
6,1088,1202,OYAM COUNTY SOUTH
6,1089,1203,ARUU COUNTY
6,1043,1204,AGULE COUNTY
6,1043,1205,BUTEBO COUNTY
6,1043,1206,PALLISA COUNTY
6,1022,1207,KAKUUTO COUNTY
6,1022,1208,KOOKI COUNTY
6,1022,1209,KYOTERA COUNTY
6,1101,1210,BUNYARUGURU COUNTY
6,1101,1211,KATERERA COUNTY
6,1102,1212,RUBABO COUNTY
6,1102,1213,RUJUMBURA COUNTY
6,1102,1214,RUKUNGIRI MUNICIPALITY
6,1030,1215,KASILO COUNTY
6,1030,1216,SERERE COUNTY
6,1103,1217,SHEEMA COUNTY NORTH
6,1103,1218,SHEEMA COUNTY SOUTH
6,1044,1219,BUDADIRI COUNTY  WEST
6,1044,1220,BUDADIRI COUNTY EAST
6,1031,1221,SOROTI COUNTY
6,1031,1222,SOROTI MUNICIPALITY
6,1023,1223,LWEMIYAGA COUNTY
6,1023,1224,MAWOGOLA COUNTY
6,1045,1225,TORORO COUNTY
6,1045,1226,TORORO MUNICIPALITY
6,1045,1227,WEST BUDAMA COUNTY NORTH
6,1045,1228,WEST BUDAMA COUNTY SOUTH
6,1050,1229,BUSIRO COUNTY EAST
6,1050,1230,BUSIRO COUNTY NORTH
6,1050,1231,BUSIRO COUNTY SOUTH
6,1050,1232,ENTEBBE MUNICIPALITY
6,1050,1233,KYADONDO COUNTY EAST
6,1050,1234,KYADONDO COUNTY NORTH
6,1050,1235,KYADONDO COUNTY SOUTH
6,1110,1236,ARINGA COUNTY
6,1111,1237,OKORO COUNTY
3,1196,1499,Kijiwetanga
3,1197,1500,Olposimoru
3,1197,1501,Olokurto
3,1197,1502,Narok Town
3,1197,1503,Nkareta
3,1197,1504,Olorropil
3,1197,1505,Melili
3,1198,1506,Ilmotiook
3,1198,1507,Mara
3,1198,1508,Naikarra
3,1198,1509,Siana
3,1199,1510,Maji Moto/Naroosura
3,1199,1511,Ololulung'a
3,1199,1512,Melelo
3,1199,1513,Loita
3,1199,1514,Sogoo
3,1199,1515,Sagamian
3,1200,1516,Mosiro
3,1200,1517,Ildamat
3,1200,1518,Keekonyokie
3,1200,1519,Suswa
3,1201,1520,Ilkerin
3,1201,1521,Ololmasani
3,1201,1522,Mogondo
3,1201,1523,Kapsasian
3,1202,1524,Kilgoris Central
3,1202,1525,Keyian
3,1202,1526,Arigata Barikoi
3,1202,1527,Shankoe
3,1202,1528,Kimintet
3,1202,1529,Lolgorian
3,9994,10000,Ongata Rongai
3,9994,10001,Olkeri
3,9994,10002,Nkaimurunya
3,9994,10003,Oloolua
3,9994,10004,Ngong
3,9995,10005,Ildamat
3,9995,10006,Purko
3,9995,10007,Dalalekutuk
3,9995,10008,Matapato North
3,9995,10009,Matapato South
3,9996,10010,Kaputiei North
3,9996,10011,Kitengela
3,9996,10012,Oloosirkon/Sholinke
3,9996,10013,Kenyawa-Poka
3,9996,10014,Imaroror
3,9999,10015,Iloodokilani
3,9999,10016,Keekonyokie
3,9999,10017,Magadi
3,9999,10018,Ewuaso Oonkidongi
3,9999,10019,Mosiro
3,9998,10020,Rombo
3,9998,10021,Mbirikani/Eselen
3,9998,10022,Keikuku
3,9998,10023,Entonet/Lenkisi
3,9998,10024,Kimana
4,8,8,Rimi
4,8,9,Kuje
4,8,10,Abaji
4,8,11,Municipal
4,8,12,Gwagalada
4,10,13,Markurdi
4,11,14,Otukpo
4,13,15,Sardauna
1,49,343,Bero
1,49,344,Debub Bench
1,49,345,Guraferda
1,49,346,Meinit Goldiya
1,49,347,Meinit Shasha
1,49,348,Mizan Aman Town
1,49,349,Semien Bench
1,49,350,SheBench
3,26195,26196,Tirioko
3,26195,26197,Kolowa
3,26195,26198,Ribkwo
3,26195,26199,Silale
3,26195,26200,Loiyamorock
3,26195,26201,Tangulbei/Korossi
3,26195,26202,Churo/Amaya
3,26194,26203,Barwessa
3,26194,26204,Kabartonjo
3,26194,26205,Saimo/Kipsara Man
3,26194,26206,Saimo/Soi
3,26194,26207,Bartabwa
3,26193,26208,Kabarnet
3,26193,26209,Sacho
3,26193,26210,Tanges
3,26193,26211,Ewalel/Chapchap
3,26193,26212,Kapropita
3,26190,26213,Marigat
3,26190,26214,llchamus
3,26190,26215,Mochongoi
3,26190,26216,Mukutani
3,26191,26217,Mogotio
3,26191,26218,Emining
3,26191,26219,Kisanana
3,26192,26220,Lembus
3,26192,26221,Lembus Kwen
3,26192,26222,Ravine
3,26192,26223,Mumberes/Maji Mazuri
3,26192,26224,Lembus/Pekerra
1,17,351,Welkite
3,,26503,Nziu
3,26500,26504,Nziu
3,,26505,Kilome
3,,26506,Mbitini
3,,26507,kako-wala
3,26685,26691,Kapsoya
3,26685,26692,Kaptagat
3,26685,26693,Ainabkoi/Olare
3,26686,26694,Simat/kapseret
3,26686,26695,Kipkenyo
3,26686,26696,Ngeria
3,26686,26697,Megun
3,26686,26698,Langas
3,26687,26699,Racecourse
3,26687,26700,Cheptiret/Kipchoma
3,26687,26701,Tulwet/Chulyat
3,26687,26702,Tarakwa
3,26688,26703,Tembello
3,26688,26704,Sergoit
3,26688,26705,Karuna/Melbeki
3,26688,26706,Moiben
3,26688,26707,Kimumu
3,26689,26708,Moi’s Bridge
3,26689,26709,Kapkures
3,26689,26710,Ziwa
3,26689,26711,Segero/Barsombe
3,26689,26712,Kipsom Ba
3,26689,26713,Soy
3,26689,26714,Kuinet/Kapsuswa
3,26690,26715,Ngenyilel
3,26690,26716,Tapsagoit
3,26690,26717,Kamagut
3,26690,26718,Kiplombe
3,26690,26719,Kapsaosa
3,26690,26720,Huruma
3,26726,26727,Leshau/Pondo
3,26726,26728,Kiriita
3,26726,26729,Central
3,26726,26730,Shamata
3,26725,26731,Gathanji
3,26725,26732,Gatimu
3,26725,26733,Weru
3,26725,26734,Charagita
3,26724,26735,Karau
3,26724,26736,Kanjuire Ridge
3,26724,26737,Milangine
3,26724,26738,Kaimbaga
3,26724,26739,Rurii
3,26723,26740,Wanjohi
3,26723,26741,Kipipiri
3,26723,26742,Geta
3,26723,26743,Githioro
3,26722,26744,Engineer
3,26722,26745,Gathara
3,26722,26746,North Kinangop
3,26722,26747,Murungaru
3,26722,26748,Njabini/Kibiru
3,26722,26749,Nyakio
3,26722,26750,Magumu
3,26722,26751,Githabai
7,01,01,Phaktanlung Rural Municipality
7,01,02,Mikwakhola Rural Municipality
7,01,03,Meringden Rural Municipality
7,01,04,Maiwakhola Rural Municipality
7,01,05,Aatharai Tribeni Rural Municipality
7,01,06,Phungling Urban Municipality
7,01,07,Pathivara Yangwarak Rural Municipality
7,01,08,Sirijanga Rural Municipality
7,01,09,Sidingba Rural Municipality
7,02,01,Bhotkhola Rural Municipality
7,02,02,Makalu Rural Municipality
7,02,03,Silichong Rural Municipality
7,02,04,Chichila Rural Municipality
7,02,05,Sabhapokhari Rural Municipality
7,02,06,Khandabari Urban Municipality
7,02,07,Panchakhapan Urban Municipality
7,02,08,Chainapur Urban Municipality
7,02,09,Madi Urban Municipality
7,02,10,Dharmadevi Urban Municipality
7,03,01,Khumbu Pasanglhamu Rural Municipality
7,03,02,Mahakulung Rural Municipality
7,03,03,Sotang Rural Municipality
7,03,04,Mapya Dudhkoshi Rural Municipality
7,03,05,Thulung Dudhkoshi Rural Municipality
7,03,06,Necha Salyan Rural Municipality
7,03,07,Solu Dhudhakunda Urban Municipality
7,03,08,Likhu Pike Rural Municipality
7,04,01,Chishankhu Gadhi Rural Municipality
7,04,02,Siddhicharan Urban Municipality
7,04,03,Molung Rural Municipality
7,04,04,Khiji Demba Rural Municipality
7,04,05,Likhu Rural Municipality
7,04,06,Champadevi Rural Municipality
7,04,07,Sunkoshi Rural Municipality
7,04,08,Manebhanjyang Rural Municipality
7,05,01,Kepilasgadhi Rural Municipality
7,05,02,Aiselukharka Rural Municipality
7,05,03,Rawa Besi Rural Municipality
7,05,04,Halesi Tuwachung Urban Municipality
7,05,05,Diktel Rupakot Majhuwagadhi Urban Municipality
7,05,06,Sakela Rural Municipality
7,05,07,Diprung Chuichumma Rural Municipality
7,05,08,Khotehang Rural Municipality
7,05,09,Jante Dhunga Rural Municipality
7,05,10,Baraha Pokhari Rural Municipality
7,06,01,Shadananda Urban Municipality
7,06,02,Salpa Silichho Rural Municipality
7,06,03,Temkemaiyum Rural Municipality
7,06,04,Bhojpur Urban Municipality
7,06,05,Arun Rural Municipality
7,06,06,Pauwa Dunma Rural Municipality
7,06,07,Ramprasad Rai Rural Municipality
7,06,08,Hatuwagadhi Rural Municipality
7,06,09,Aamchowk Rural Municipality
7,07,01,Mahalaxmi Urban Municipality
7,07,02,Pakhribas Urban Municipality
7,07,03,Chhathar Jorpati Rural Municipality
7,07,04,Dhankuta Urban Municipality
7,07,05,Shahidbhumi Rural Municipality
7,07,06,Sangurigadhi Rural Municipality
7,07,07,Chaubise Rural Municipality
7,08,01,Aatharai Rural Municipality
7,08,02,Phedap Rural Municipality
7,08,03,Menchhayayem Rural Municipality
7,08,04,Myanglung Urban Municipality
7,08,05,Laligurans Urban Municipality
7,08,06,Chhathar Rural Municipality
7,09,01,Yangbarak Rural Municipality
7,09,02,Hilihan Rural Municipality
7,09,03,Falelung Rural Municipality
7,09,04,Phidim Urban Municipality
7,09,05,Falgunanda Rural Municipality
7,09,06,Kummayak Rural Municipality
7,09,07,Tumbewa Rural Municipality
7,09,08,Miklajung Rural Municipality
7,10,01,Mai Jogmai Rural Municipality
7,10,02,Sandakpur Rural Municipality
7,10,03,Illam Urban Municipality
7,10,04,Deumai Urban Municipality
7,10,05,Fakfokathum Rural Municipality
7,10,06,Mangsebung Rural Municipality
7,10,07,Chulachuli Rural Municipality
7,10,08,Mai Urban Municipality
7,10,09,Suryodaya Urban Municipality
7,10,10,Rong Rural Municipality
7,11,01,Mechinagar Urban Municipality
7,11,02,Buddhashanti Rural Municipality
7,11,03,Arjundhara Urban Municipality
7,11,04,Kankai Urban Municipality
7,11,05,Shivasatakshi Urban Municipality
7,11,06,Kamal Rural Municipality
7,11,07,Damak Urban Municipality
7,11,08,Gauradaha Urban Municipality
7,11,09,Gauriganj Rural Municipality
7,11,10,Jhapa Rural Municipality
7,11,11,Barhadashi Rural Municipality
7,11,12,Birtamod Urban Municipality
7,11,13,Haldibari Rural Municipality
7,11,14,Bhadrapur Urban Municipality
7,11,15,Kachanakawal Rural Municipality
7,12,01,Miklajung Rural Municipality
7,12,02,Letang Urban Municipality
7,12,03,Kerabari Rural Municipality
7,12,04,Sundarharaicha Urban Municipality
7,12,05,Belbari Urban Municipality
7,12,06,Kanepokhari Rural Municipality
7,12,07,Pathari Shanishchare Urban Municipality
7,12,08,Urlabari Urban Municipality
7,12,09,Ratuwamai Urban Municipality
7,12,10,Sunwarshi Urban Municipality
7,12,11,Rangeli Urban Municipality
7,12,12,Gramthan Rural Municipality
7,12,13,Budhiganga Rural Municipality
7,12,14,Biratnagar Metropolitian City
7,12,15,Katahari Rural Municipality
7,12,16,Dhanapalthan Rural Municipality
7,12,17,Jahada Rural Municipality
7,13,01,Dharan Sub-Metropolitian City
7,13,02,Barahachhetra Urban Municipality
7,13,03,Koshi Rural Municipality
7,13,04,Bhokraha Narsingh Rural Municipality
7,13,05,Ramdhuni Urban Municipality
7,13,06,Itahari Sub-Metropolitian City
7,13,07,Duhabi Urban Municipality
7,13,08,Gadhi Rural Municipality
7,13,09,Inaruwa Urban Municipality
7,13,10,Harinagar Rural Municipality
7,13,11,Dewangunj Rural Municipality
7,13,12,Barju Rural Municipality
7,14,01,Belaka Urban Municipality
7,14,02,Chaudandigadhi Urban Municipality
7,14,03,Triyuga Urban Municipality
7,14,04,Rautamai Rural Municipality
7,14,05,Limchungbung Rural Municipality
7,14,06,Tapli Rural Municipality
7,14,07,Katari Urban Municipality
7,14,08,Udayapurgadhi Rural Municipality
7,01,01,Saptakoshi Urban Municipality
7,01,02,Kanchanrup Urban Municipality
7,01,03,Agnisair Krishna Sabaran Rural Municipality
7,01,04,Rupani Rural Municipality
7,01,05,Shambhunath Urban Municipality
7,01,06,Khadak Urban Municipality
7,01,07,Surunga Urban Municipality
7,01,08,Balan-Bihul Rural Municipality
7,01,09,Bode Barsain Urban Municipality
7,01,10,Dakneshwori Urban Municipality
7,01,11,Rajgadh Rural Municipality
7,01,12,Bishnupur Rural Municipality
7,01,13,Rajbiraj Urban Municipality
7,01,14,Mahadewa Rural Municipality
7,01,15,Tirahut Rural Municipality
7,01,16,Hanumannagar Kankalini Urban Municipality
7,01,17,Tilathi Koiladi Rural Municipality
7,01,18,Chhinnamasta Rural Municipality
7,02,01,Lahan Urban Municipality
7,02,02,Dhangadhimai Urban Municipality
7,02,03,Golbazar Urban Municipality
7,02,04,Mirchaiya Urban Municipality
7,02,05,Karjanha Urban Municipality
7,02,06,Kalyanpur Urban Municipality
7,02,07,Naraha Rural Municipality
7,02,08,Bishnupur Rural Municipality
7,02,09,Arnama Rural Municipality
7,02,10,Sukhipur Urban Municipality
7,02,11,Laxmipur Patari Rural Municipality
7,02,12,Sakhuwa Nankarkatti Rural Municipality
7,02,13,Bhagawanpur Rural Municipality
7,02,14,Nawarajpur Rural Municipality
7,02,15,Bariyarpatti Rural Municipality
7,02,16,Aurahi Rural Municipality
7,02,17,Siraha Urban Municipality
7,03,01,Ganeshman Charnath Urban Municipality
7,03,02,Dhanushadham Urban Municipality
7,03,03,Mithila Urban Municipality
7,03,04,Bateshwor Rural Municipality
7,03,05,Chhireshwornath Urban Municipality
7,03,06,Laxminiya Rural Municipality
7,03,07,Mithila Bihari Urban Municipality
7,03,08,Hansapur Urban Municipality
7,03,09,Sabaila Urban Municipality
7,03,10,Shahidnagar Urban Municipality
7,03,11,Kamala Urban Municipality
7,03,12,Janak Nandini Rural Municipality
7,03,13,Bideha Urban Municipality
7,03,14,Aurahi Rural Municipality
7,03,15,Janakpurdham Sub-Metropolitian City
7,03,16,Dhanauji Rural Municipality
7,03,17,Nagarain Urban Municipality
7,03,18,Mukhiyapatti Musaharmiya Rural Municipality
7,04,01,Bardibas Urban Municipality
7,04,02,Gaushala Urban Municipality
7,04,03,Sonama Rural Municipality
7,04,04,Aurahi Urban Municipality
7,04,05,Bhangaha Urban Municipality
7,04,06,Loharpatti Urban Municipality
7,04,07,Balawa Urban Municipality
7,04,08,Ram Gopalpur Urban Municipality
7,04,09,Samsi Rural Municipality
7,04,10,Manara Shisawa Urban Municipality
7,04,11,Ekadara Rural Municipality
7,04,12,Mahottari Rural Municipality
7,04,13,Pipara Rural Municipality
7,04,14,Matihani Urban Municipality
7,04,15,Jaleshwor Urban Municipality
7,05,01,Lalbandi Urban Municipality
7,05,02,Hariwan Urban Municipality
7,05,03,Bagmati Urban Municipality
7,05,04,Barahathawa Urban Municipality
7,05,05,Haripur Urban Municipality
7,05,06,Ishworpur Urban Municipality
7,05,07,Haripurwa Urban Municipality
7,05,08,Parsa Rural Municipality
7,05,09,Brahmapuri Rural Municipality
7,05,10,Chandranagar Rural Municipality
7,05,11,Kabilashi Urban Municipality
7,05,12,Chakraghatta Rural Municipality
7,05,13,Basbariya Rural Municipality
7,05,14,Dhanakaul Rural Municipality
7,05,15,Ramnagar Rural Municipality
7,05,16,Balara Urban Municipality
7,05,17,Godaita Urban Municipality
7,05,18,Bishnu Rural Municipality
7,05,19,Kaudena Rural Municipality
7,05,20,Malangawa Urban Municipality
7,06,01,Chandrapur Urban Municipality
7,06,02,Gujara Urban Municipality
7,06,03,Phatuwa Bijayapur Urban Municipality
7,06,04,Katahariya Urban Municipality
7,06,05,Brindaban Urban Municipality
7,06,06,Gadhimai Urban Municipality
7,06,07,Madhav Narayan Urban Municipality
7,06,08,Garuda Urban Municipality
7,06,09,Dewahi Gonahi Urban Municipality
7,06,10,Maulapur Urban Municipality
7,06,11,Boudhimai Urban Municipality
7,06,12,Paroha Urban Municipality
7,06,13,Rajpur Urban Municipality
7,06,14,Yamunamai Rural Municipality
7,06,15,Durga Bhagawati Rural Municipality
7,06,16,Rajdevi Urban Municipality
7,06,17,Gaur Urban Municipality
7,06,18,Ishanath Urban Municipality
7,07,01,Nijagadh Urban Municipality
7,07,02,Kolhabi Urban Municipality
7,07,03,Jitpur Simara Sub-Metropolitian City
7,07,04,Parawanipur Rural Municipality
7,07,05,Prasauni Rural Municipality
7,07,06,Bishrampur Rural Municipality
7,07,07,Pheta Rural Municipality
7,07,08,Kalaiya Sub-Metropolitian City
7,07,09,Karaiyamai Rural Municipality
7,07,10,Baragadhi Rural Municipality
7,07,11,Aadarsha Kotwal Rural Municipality
7,07,12,Simroungadh Urban Municipality
7,07,13,Pacharauta Urban Municipality
7,07,14,Mahagadhimai Urban Municipality
7,07,15,Devtal Rural Municipality
7,07,16,Subarna Rural Municipality
7,08,01,Thori Rural Municipality
7,08,02,Jirabhawani Rural Municipality
7,08,03,Jagarnathpur Rural Municipality
7,08,04,Paterwa Sugauli Rural Municipality
7,08,05,Sakhuwa Prasauni Rural Municipality
7,08,06,Parsagadhi Urban Municipality
7,08,07,Birgunj Metropolitian City
7,08,08,Bahudarmai Urban Municipality
7,08,09,Pokhariya Urban Municipality
7,08,10,Kalikamai Rural Municipality
7,08,11,Dhobini Rural Municipality
7,08,12,Chhipaharmai Rural Municipality
7,08,13,Pakaha Mainpur Rural Municipality
7,08,14,Bindabasini Rural Municipality
7,01,01,Gaurishankar Rural Municipality
7,01,02,Bigu Rural Municipality
7,01,03,Kalinchowk Rural Municipality
7,01,04,Baiteshwor Rural Municipality
7,01,05,Jiri Urban Municipality
7,01,06,Tamakoshi Rural Municipality
7,01,07,Melung Rural Municipality
7,01,08,Shailung Rural Municipality
7,01,09,Bhimeshwor Urban Municipality
7,02,01,Bhotekoshi Rural Municipality
7,02,02,Jugal Rural Municipality
7,02,03,Panchpokhari Thangpal Rural Municipality
7,02,04,Helambu Rural Municipality
7,02,05,Melanchi Urban Municipality
7,02,06,Indrawoti Rural Municipality
7,02,07,Choutara Sangachowkgadhi Urban Municipality
7,02,08,Balephi Rural Municipality
7,02,09,Bahrabise Urban Municipality
7,02,10,Tripurasundari Rural Municipality
7,02,11,Lisankhu Pakhar Rural Municipality
7,02,12,Sunkoshi Rural Municipality
7,03,01,Gosaikunda Rural Municipality
7,03,02,Aamachhodingmo Rural Municipality
7,03,03,Uttargaya Rural Municipality
7,03,04,Shuva Kalika Rural Municipality
7,03,05,Naukunda Rural Municipality
7,04,01,Rubi Valley Rural Municipality
7,04,02,Khaniyabas Rural Municipality
7,04,03,Ganga Jamuna Rural Municipality
7,04,04,Tripurasundari Rural Municipality
7,04,05,Netrawati Dabjong Rural Municipality
7,04,06,Nilkhantha Urban Municipality
7,04,07,Jwalamukhi Rural Municipality
7,04,08,Siddhalek Rural Municipality
7,04,09,Benighat Rorang Rural Municipality
7,04,10,Gajuri Rural Municipality
7,04,11,Galchhi Rural Municipality
7,04,12,Thakre Rural Municipality
7,04,13,Dhunibenshi Urban Municipality
7,05,01,Dupcheshwor Rural Municipality
7,05,02,Tadi Rural Municipality
7,05,03,Suryagadhi Rural Municipality
7,05,04,Bidur Urban Municipality
7,05,05,Kispang Rural Municipality
7,05,06,Myagang Rural Municipality
7,05,07,Tarakeshwor Rural Municipality
7,05,08,Belkotgadhi Urban Municipality
7,05,09,Likhu Rural Municipality
7,05,10,Panchakanya Rural Municipality
7,05,11,Shivapuri Rural Municipality
7,05,12,Kakani Rural Municipality
7,06,01,Shankharapur Urban Municipality
7,06,02,Kageshwori Manahara Urban Municipality
7,06,03,Gokarneshwor Urban Municipality
7,06,04,Budhanilkhantha Urban Municipality
7,06,05,Tokha Urban Municipality
7,06,06,Tarakeshwor Urban Municipality
7,06,07,Nagarjun Urban Municipality
7,06,08,Kathmandu Metropolitian City
7,06,09,Kirtipur Urban Municipality
7,06,10,Chandragiri Urban Municipality
7,06,11,Dakshinkali Urban Municipality
7,07,01,Changunarayan Urban Municipality
7,07,02,Bhaktapur Urban Municipality
7,07,03,Madhyapur Thimi Urban Municipality
7,07,04,Suryabinayak Urban Municipality
7,08,01,Mahalaxmi Urban Municipality
7,08,02,Lalitpur Metropolitian City
7,08,03,Godawari Urban Municipality
7,08,04,Konjyosom Rural Municipality
7,08,05,Mahankal Rural Municipality
7,08,06,Bagmati Rural Municipality
7,09,01,Chauri Deurali Rural Municipality
7,09,02,Bhumlu Rural Municipality
7,09,03,Mandan Deupur Urban Municipality
7,09,04,Banepa Urban Municipality
7,09,05,Dhulikhel Urban Municipality
7,09,06,Panchkhal Urban Municipality
7,09,07,Temal Rural Municipality
7,09,08,Namobuddha Urban Municipality
7,09,09,Panauti Urban Municipality
7,09,10,Bethanchowk Rural Municipality
7,09,11,Roshi Rural Municipality
7,09,12,Mahabharat Rural Municipality
7,09,13,Khanikhola Rural Municipality
7,10,01,Umakunda Rural Municipality
7,10,02,Gokulganga Rural Municipality
7,10,03,Likhu Tamakoshi Rural Municipality
7,10,04,Ramechhap Urban Municipality
7,10,05,Manthali  Urban Municipality
7,10,06,Khandadevi Rural Municipality
7,10,07,Doramba Rural Municipality
7,10,08,Sunapati Rural Municipality
7,11,01,Dudhouli Urban Municipality
7,11,02,Phikkal Rural Municipality
7,11,03,Tinpatan Rural Municipality
7,11,04,Golanjor Rural Municipality
7,11,05,Kamalamai Urban Municipality
7,11,06,Sunkoshi Rural Municipality
7,11,07,Ghyanglekha Rural Municipality
7,11,08,Marin Rural Municipality
7,11,09,Hariharpurgaghi Rural Municipality
7,12,01,Indrasarowar Rural Municipality
7,12,02,Thaha Urban Municipality
7,12,03,Kailash Rural Municipality
7,12,04,Raksirang Rural Municipality
7,12,05,Manahari Rural Municipality
7,12,06,Hetauda Sub-Metropolitian City
7,12,07,Bhimphedi Rural Municipality
7,12,08,Makawanpurgadhi Rural Municipality
7,12,09,Bakaiya Rural Municipality
7,12,10,Bagmati Rural Municipality
7,13,01,Rapti Urban Municipality
7,13,02,Kalika Urban Municipality
7,13,03,Ichchha Kamana Rural Municipality
7,13,04,Bharatpur Metropolitian City
7,13,05,Ratnanagar Urban Municipality
7,13,06,Khairahani Urban Municipality
7,13,07,Madi Urban Municipality
7,01,01,Chumanubri Rural Municipality
7,01,02,Ajirkot Rural Municipality
7,01,03,Barpak Sulikot Rural Municipality
7,01,04,Dharche Rural Municipality
7,01,05,Aarughat Rural Municipality
7,01,06,Bhimsenthapa Rural Municipality
7,01,07,Siranchowk Rural Municipality
7,01,08,Palungtar Urban Municipality
7,01,09,Gorkha Urban Municipality
7,01,10,Shahid Lakhan Rural Municipality
7,01,11,Gandaki Rural Municipality
7,02,01,Narpa Bhumi Rural Municipality
7,02,02,Manang Ngisyang Rural Municipality
7,02,03,Chame Rural Municipality
7,02,04,Nason Rural Municipality
7,03,01,Lo Ghekar Damodarkunda Rural Municipality
7,03,02,Gharpajhong Rural Municipality
7,03,03,Varagung Muktichhetra Rural Municipality
7,03,04,Lomanthang Rural Municipality
7,03,05,Thasang Rural Municipality
7,04,01,Annapurna Rural Municipality
7,04,02,Raghuganga Rural Municipality
7,04,03,Dhawalagiri Rural Municipality
7,04,04,Malika Rural Municipality
7,04,05,Mangala Rural Municipality
7,04,06,Beni Urban Municipality
7,05,01,Madi Rural Municipality
7,05,02,Machhapuchchhre Rural Municipality
7,05,03,Annapurna Rural Municipality
7,05,04,Pokhara Metropolitian City
7,05,05,Rupa Rural Municipality
7,06,01,Dordi Rural Municipality
7,06,02,Marshyangdi Rural Municipality
7,06,03,Kwhola Sothar Rural Municipality
7,06,04,Madhya Nepal Urban Municipality
7,06,05,Bensi Shahar Urban Municipality
7,06,06,Sundarbazar Urban Municipality
7,06,07,Rainas Urban Municipality
7,06,08,Dudhapokhari Rural Municipality
7,07,01,Bhanu Urban Municipality
7,07,02,Byas Urban Municipality
7,07,03,Myagde Rural Municipality
7,07,04,Shuklagandaki Urban Municipality
7,07,05,Bhimad Urban Municipality
7,07,06,Ghiring Rural Municipality
7,07,07,Rhishing Rural Municipality
7,07,08,Devghat Rural Municipality
7,07,09,Bandipur Rural Municipality
7,07,10,Aanbu Khaireni Rural Municipality
7,08,01,Gaidakot Urban Municipality
7,08,02,Bulingtar Rural Municipality
7,08,03,Baudikali Rural Municipality
7,08,04,Hupsekot Rural Municipality
7,08,05,Devchuli Urban Municipality
7,08,06,Kawasoti Urban Municipality
7,08,07,Madhya Bindu Urban Municipality
7,08,08,Binayi Tribeni Rural Municipality
7,09,01,Putalibazar Urban Municipality
7,09,02,Phedikhola Rural Municipality
7,09,03,Aandhikhola Rural Municipality
7,09,04,Arjun Choupari Rural Municipality
7,09,05,Bhirkot Urban Municipality
7,09,06,Biruwa Rural Municipality
7,09,07,Harinas Rural Municipality
7,09,08,Chapakot Urban Municipality
7,09,09,Walling Urban Municipality
7,09,10,Galyang Urban Municipality
7,09,11,Kaligandaki Rural Municipality
7,10,01,Modi Rural Municipality
7,10,02,Jaljala Rural Municipality
7,10,03,Kushma Urban Municipality
7,10,04,Phalebas Urban Municipality
7,10,05,Mahashila Rural Municipality
7,10,06,Bihadi Rural Municipality
7,10,07,Paiyu Rural Municipality
7,11,01,Baglung Urban Municipality
7,11,02,Kathekhola Rural Municipality
7,11,03,Tarakhola Rural Municipality
7,11,04,Tamankhola Rural Municipality
7,11,05,Dhorpatan Urban Municipality
7,11,06,Nisikhola Rural Municipality
7,11,07,Badigad Rural Municipality
7,11,08,Galkot Urban Municipality
7,11,09,Bareng Rural Municipality
7,11,10,Jaimuni Urban Municipality
7,01,01,Putha Uttanganga Rural Municipality
7,01,02,Sisne Rural Municipality
7,01,03,Bhoome Rural Municipality
7,02,01,Sunchhahari Rural Municipality
7,02,02,Thawang Rural Municipality
7,02,03,Pariwartan Rural Municipality
7,02,04,Gangadev Rural Municipality
7,02,05,Madi Rural Municipality
7,02,06,Tribeni Rural Municipality
7,02,07,Rolpa Urban Municipality
7,02,08,Runtigadhi Rural Municipality
7,02,09,Sunil Smriti Rural Municipality
7,02,10,Lungri Rural Municipality
7,03,01,Gaumukhi Rural Municipality
7,03,02,Naubahini Rural Municipality
7,03,03,Jhimaruk Rural Municipality
7,03,04,Pyuthan Urban Municipality
7,03,05,Sworgadwari Urban Municipality
7,03,06,Mandavi Rural Municipality
7,03,07,Mallarani Rural Municipality
7,03,08,Aairawati Rural Municipality
7,03,09,Sarumarani Rural Municipality
7,04,01,Kali Gandaki Rural Municipality
7,04,02,Satyawoti Rural Municipality
7,04,03,Chandrakot Rural Municipality
7,04,04,Musikot Urban Municipality
7,04,05,Isma Rural Municipality
7,04,06,Malika Rural Municipality
7,04,07,Madane Rural Municipality
7,04,08,Dhurkot Rural Municipality
7,04,09,Resunga Urban Municipality
7,04,10,Gulmi Durbar Rural Municipality
7,04,11,Chhatrakot Rural Municipality
7,04,12,Ruruchhetra Rural Municipality
7,05,01,Chhatradev Rural Municipality
7,05,02,Malarani Rural Municipality
7,05,03,Bhumikasthan Urban Municipality
7,05,04,Sandhikharka Urban Municipality
7,05,05,Panini Rural Municipality
7,05,06,Shitaganga Urban Municipality
7,06,01,Rampur Urban Municipality
7,06,02,Purbakhola Rural Municipality
7,06,03,Rambha Rural Municipality
7,06,04,Baganaskali Rural Municipality
7,06,05,Tansen Urban Municipality
7,06,06,Ribdikot Rural Municipality
7,06,07,Rainadevi Chhahara Rural Municipality
7,06,08,Tinau Rural Municipality
7,06,09,Mathagadhi Rural Municipality
7,06,10,Nisdi Rural Municipality
7,07,01,Bardaghat Urban Municipality
7,07,02,Sunawal Urban Municipality
7,07,03,Ramgram Urban Municipality
7,07,04,Palhinandan Rural Municipality
7,07,05,Sarawal Rural Municipality
7,07,06,Pratapapur Rural Municipality
7,07,07,Susta Rural Municipality
7,08,01,Devdaha Urban Municipality
7,08,02,Butwal Sub-Metropolitian City
7,08,03,Sainamaina Urban Municipality
7,08,04,Kanchan Rural Municipality
7,08,05,Gaidahawa Rural Municipality
7,08,06,Suddhodhan Rural Municipality
7,08,07,Siyari Rural Municipality
7,08,08,Tilottama Urban Municipality
7,08,09,Om Satiya Rural Municipality
7,08,10,Rohini Rural Municipality
7,08,11,Siddharthanagar Urban Municipality
7,08,12,Mayadevi Rural Municipality
7,08,13,Lumbini Sanskritik Urban Municipality
7,08,14,Kotahimai Rural Municipality
7,08,15,Sammarimai Rural Municipality
7,08,16,Marchawari Rural Municipality
7,09,01,Banganga Urban Municipality
7,09,02,Buddhabhumi Urban Municipality
7,09,03,Shivaraj Urban Municipality
7,09,04,Bijayanagar Rural Municipality
7,09,05,Krishnanagar Urban Municipality
7,09,06,Maharajganj Urban Municipality
7,09,07,Kapilbastu Urban Municipality
7,09,08,Yasodhara Rural Municipality
7,09,09,Mayadevi Rural Municipality
7,09,10,Shuddhodhan Rural Municipality
7,10,01,Bangalachuli Rural Municipality
7,10,02,Ghorahi Sub-Metropolitian City
7,10,03,Tulsipur Sub-Metropolitian City
7,10,04,Shantinagar Rural Municipality
7,10,05,Babai Rural Municipality
7,10,06,Dangisharan Rural Municipality
7,10,07,Lamahi Urban Municipality
7,10,08,Rapti Rural Municipality
7,10,09,Gadhawa Rural Municipality
7,10,10,Rajpur Rural Municipality
7,11,01,Rapti Sonari Rural Municipality
7,11,02,Kohalpur Urban Municipality
7,11,03,Baijanath Rural Municipality
7,11,04,Khajura Rural Municipality
7,11,05,Janaki Rural Municipality
7,11,06,Nepalganj Sub-Metropolitian City
7,11,07,Duduwa Rural Municipality
7,11,08,Narainapur Rural Municipality
7,12,01,Bansgadhi Urban Municipality
7,12,02,Barbardiya Urban Municipality
7,12,03,Thakurbaba Urban Municipality
7,12,04,Geruwa Rural Municipality
7,12,05,Rajapur Urban Municipality
7,12,06,Madhuwan Urban Municipality
7,12,07,Gulariya Urban Municipality
7,12,08,Badhaiyatal Rural Municipality
7,01,01,Dolpo Buddha Rural Municipality
7,01,02,Shey Phoksundo Rural Municipality
7,01,03,Jagadulla Rural Municipality
7,01,04,Mudkechula Rural Municipality
7,01,05,Tripurasundari Urban Municipality
7,01,06,Thulibheri Urban Municipality
7,01,07,Kaike Rural Municipality
7,01,08,Chharka Tangsong Rural Municipality
7,02,01,Mugumakarmarog Rural Municipality
7,02,02,Chhayanath Rara Urban Municipality
7,02,03,Soru Rural Municipality
7,02,04,Khatyad Rural Municipality
7,03,01,Chankheli Rural Municipality
7,03,02,Kharpunath Rural Municipality
7,03,03,Simkot Rural Municipality
7,03,04,Namkha Rural Municipality
7,03,05,Sarkegad Rural Municipality
7,03,06,Adanchuli Rural Municipality
7,03,07,Tanjakot Rural Municipality
7,04,01,Patarasi Rural Municipality
7,04,02,Kanaka Sundari Rural Municipality
7,04,03,Sinja Rural Municipality
7,04,04,Chandannath Urban Municipality
7,04,05,Guthichaur Rural Municipality
7,04,06,Tatopani Rural Municipality
7,04,07,Tila Rural Municipality
7,04,08,Hima Rural Municipality
7,05,01,Palata Rural Municipality
7,05,02,Pachal Jharana Rural Municipality
7,05,03,Raskot Urban Municipality
7,05,04,Sanni Tribeni Rural Municipality
7,05,05,Naraharinath Rural Municipality
7,05,06,Khandachakra Urban Municipality
7,05,07,Tilagupha Urban Municipality
7,05,08,Mahawai Rural Municipality
7,05,09,Shuva Kalika Rural Municipality
7,06,01,Naumule Rural Municipality
7,06,02,Mahabu Rural Municipality
7,06,03,Bhairabi Rural Municipality
7,06,04,Thantikandh Rural Municipality
7,06,05,Aathbis Urban Municipality
7,06,06,Chamunda Bindrasaini Urban Municipality
7,06,07,Dullu Urban Municipality
7,06,08,Narayan Urban Municipality
7,06,09,Bhagawatimai Rural Municipality
7,06,10,Dungeshwor Rural Municipality
7,06,11,Gurans Rural Municipality
7,07,01,Barekot Rural Municipality
7,07,02,Kushe Rural Municipality
7,07,03,Junichande Rural Municipality
7,07,04,Chhedagad Urban Municipality
7,07,05,Shivalaya Rural Municipality
7,07,06,Bheri Malika Urban Municipality
7,07,07,Nalgad Urban Municipality
7,08,01,Aathabisakot Urban Municipality
7,08,02,Sanibheri Rural Municipality
7,08,03,Banphikot Rural Municipality
7,08,04,Musikot Urban Municipality
7,08,05,Tribeni Rural Municipality
7,08,06,Chaurjahari Urban Municipality
7,09,01,Darma Rural Municipality
7,09,02,Kumakh Rural Municipality
7,09,03,Banagad Kupinde Urban Municipality
7,09,04,Siddha Kumakh Rural Municipality
7,09,05,Bagachour Urban Municipality
7,09,06,Chhatreshwori Rural Municipality
7,09,07,Sharada Urban Municipality
7,09,08,Kalimati Rural Municipality
7,09,09,Tribeni Rural Municipality
7,09,10,Kapurkot Rural Municipality
7,10,01,Simta Rural Municipality
7,10,02,Chingad Rural Municipality
7,10,03,Lekabeshi Urban Municipality
7,10,04,Gurbhakot Urban Municipality
7,10,05,Bheriganga Urban Municipality
7,10,06,Birendranagar Urban Municipality
7,10,07,Barahatal Rural Municipality
7,10,08,Panchapuri Urban Municipality
7,10,09,Chaukune Rural Municipality
7,01,01,Himali Rural Municipality
7,01,02,Gaumul Rural Municipality
7,01,03,Budhinanda Urban Municipality
7,01,04,Swamikartik Khapar Rural Municipality
7,01,05,Jagannath Rural Municipality
7,01,06,Badimalika Urban Municipality
7,01,07,Khaptad Chhededaha Rural Municipality
7,01,08,Budhiganga Urban Municipality
7,01,09,Tribeni Urban Municipality
7,02,01,Saipal Rural Municipality
7,02,02,Bungal Urban Municipality
7,02,03,Surma Rural Municipality
7,02,04,Talkot Rural Municipality
7,02,05,Masta Rural Municipality
7,02,06,Jayaprithbi Urban Municipality
7,02,07,Chhabis Pathibhara Rural Municipality
7,02,08,Durgathali Rural Municipality
7,02,09,Kedarsyun Rural Municipality
7,02,10,Bitthadchir Rural Municipality
7,02,11,Thalara Rural Municipality
7,02,12,Khaptad Chhanna Rural Municipality
7,03,01,Byas Rural Municipality
7,03,02,Duhun Rural Municipality
7,03,03,Mahakali Urban Municipality
7,03,04,Naugad  Rural Municipality
7,03,05,Apihimal Rural Municipality
7,03,06,Marma Rural Municipality
7,03,07,Shailyashikhar Urban Municipality
7,03,08,Malikarjun Rural Municipality
7,03,09,Lekam Rural Municipality
7,04,01,Dilasaini Rural Municipality
7,04,02,Dogada Kedar Rural Municipality
7,04,03,Puchaundi Urban Municipality
7,04,04,Surnaya Rural Municipality
7,04,05,Dasharathchand Urban Municipality
7,04,06,Pancheshwor Rural Municipality
7,04,07,Shivanath Rural Municipality
7,04,08,Melauli Urban Municipality
7,04,09,Patan Urban Municipality
7,04,10,Sigas Rural Municipality
7,05,01,Nawadurga Rural Municipality
7,05,02,Amargadhi Urban Municipality
7,05,03,Ajayameru Rural Municipality
7,05,04,Bhageshwor Rural Municipality
7,05,05,Parashuram Urban Municipality
7,05,06,Aalital Rural Municipality
7,05,07,Ganyapdhura Rural Municipality
7,06,01,Purbichouki Rural Municipality
7,06,02,Sayal Rural Municipality
7,06,03,Aadarsha Rural Municipality
7,06,04,Shikhar Urban Municipality
7,06,05,Dipayal Silgadhi Urban Municipality
7,06,06,K.I. Singh Rural Municipality
7,06,07,Bogatan Phudsil Rural Municipality
7,06,08,Badi Kedar Rural Municipality
7,06,09,Jorayal Rural Municipality
7,07,01,Panchdebal Binayak Urban Municipality
7,07,02,Ramaroshan Rural Municipality
7,07,03,Mellekh Rural Municipality
7,07,04,Sanphebagar Urban Municipality
7,07,05,Chaurpati Rural Municipality
7,07,06,Mangalsen Urban Municipality
7,07,07,Bannigadhi Jayagadh Rural Municipality
7,07,08,Kamal bazar Urban Municipality
7,07,09,Dhakari Rural Municipality
7,07,10,Turmakhand Rural Municipality
7,08,01,Mohanyal Rural Municipality
7,08,02,Chure Rural Municipality
7,08,03,Godawari Urban Municipality
7,08,04,Gauriganga Urban Municipality
7,08,05,Ghodaghodi Urban Municipality
7,08,06,Bardagoriya Rural Municipality
7,08,07,Lamki Chuha Urban Municipality
7,08,08,Janaki Rural Municipality
7,08,09,Joshipur Rural Municipality
7,08,10,Tikapur Urban Municipality
7,08,11,Bhajani Urban Municipality
7,08,12,Kailari Rural Municipality
7,08,13,Dhangadhi Sub-Metropolitian City
7,09,01,Krishnapur Urban Municipality
7,09,02,Shuklaphanta Urban Municipality
7,09,03,Bedkot Urban Municipality
7,09,04,Bhimdatta Urban Municipality
7,09,05,Mahakali Urban Municipality
7,09,06,Laljhadi Rural Municipality
7,09,07,Punarbas Urban Municipality
7,09,08,Belouri Urban Municipality
7,09,09,Beldandi Rural Municipality
4,18,16,Abakaliki
1,10,352,Judo Kombolcha
